うっせぇわ	DX	BAS	3
うっせぇわ	DX	ADV	7
うっせぇわ	DX	MAS	11.7
うっせぇわ	DX	EXP	9.7
うっせぇわ	DX	REM	13.2
夜に駆ける	DX	BAS	2
夜に駆ける	DX	ADV	6
夜に駆ける	DX	MAS	11.2
夜に駆ける	DX	EXP	8
夜に駆ける	DX	REM	12.8
廻廻奇譚	DX	BAS	4
廻廻奇譚	DX	MAS	11.8
廻廻奇譚	DX	EXP	9.7
廻廻奇譚	DX	ADV	7
廻廻奇譚	DX	REM	13.3
ドラゴンエネルギー	DX	ADV	6
ドラゴンエネルギー	DX	BAS	3
ドラゴンエネルギー	DX	EXP	9.7
ドラゴンエネルギー	DX	MAS	12.5
泥の分際で私だけの大切を奪おうだなんて	DX	BAS	3
泥の分際で私だけの大切を奪おうだなんて	DX	ADV	7.7
泥の分際で私だけの大切を奪おうだなんて	DX	MAS	13.4
泥の分際で私だけの大切を奪おうだなんて	DX	EXP	10.7
veil	DX	ADV	6
VOLTAGE	DX	BAS	4
veil	DX	EXP	8.7
VOLTAGE	DX	ADV	7
veil	DX	MAS	12.2
VOLTAGE	DX	EXP	10.7
VOLTAGE	DX	MAS	13
Seize The Day	DX	ADV	6
Seize The Day	DX	BAS	1
veil	DX	BAS	3
Seize The Day	DX	EXP	8
Seize The Day	DX	MAS	11.8
なだめスかし Negotiation（TVsize）	DX	BAS	3
なだめスかし Negotiation（TVsize）	DX	ADV	6
インドア系ならトラックメイカー	DX	BAS	2
なだめスかし Negotiation（TVsize）	DX	EXP	8
なだめスかし Negotiation（TVsize）	DX	MAS	12.5
インドア系ならトラックメイカー	DX	EXP	10
インドア系ならトラックメイカー	DX	ADV	7.7
インドア系ならトラックメイカー	DX	MAS	13.2
Shooting Stars	DX	ADV	6
Shooting Stars	DX	BAS	2
Shooting Stars	DX	EXP	8
Shooting Stars	DX	MAS	12.5
MOON NIGHTのせいにして	DX	ADV	6
MOON NIGHTのせいにして	DX	BAS	2
MOON NIGHTのせいにして	DX	EXP	8
MOON NIGHTのせいにして	DX	MAS	12.2
秒針を噛む	DX	BAS	2
秒針を噛む	DX	ADV	6
秒針を噛む	DX	EXP	8.7
秒針を噛む	DX	MAS	11
秒針を噛む	DX	REM	12.7
紅蓮華	DX	ADV	6
紅蓮華	DX	BAS	3
紅蓮華	DX	EXP	9
紅蓮華	DX	REM	12.9
紅蓮華	DX	MAS	11
Pretender	DX	BAS	2
Pretender	DX	ADV	5
Pretender	DX	MAS	12
Pretender	DX	EXP	8
ビックカメラのテーマソング	DX	BAS	4
ビックカメラのテーマソング	DX	ADV	6
ビックカメラのテーマソング	DX	EXP	8
ビックカメラのテーマソング	DX	MAS	12.7
タケモトピアノCMソング	DX	BAS	3
タケモトピアノCMソング	DX	ADV	7
タケモトピアノCMソング	DX	EXP	9
タケモトピアノCMソング	DX	MAS	12.7
だから僕は音楽を辞めた	DX	BAS	3
だから僕は音楽を辞めた	DX	ADV	6
だから僕は音楽を辞めた	DX	EXP	8.7
馬と鹿	DX	BAS	1
だから僕は音楽を辞めた	DX	MAS	12
馬と鹿	DX	ADV	5
馬と鹿	DX	EXP	8
馬と鹿	DX	MAS	12
LOSER	DX	BAS	1
LOSER	DX	EXP	8.7
LOSER	DX	ADV	6
LOSER	DX	MAS	11.7
U.S.A.	DX	BAS	2
U.S.A.	DX	EXP	9
U.S.A.	DX	ADV	6
U.S.A.	DX	MAS	11
新宝島	DX	EXP	9
U.S.A.	DX	REM	12.8
新宝島	DX	MAS	11.7
新宝島	DX	BAS	3
未完成人	DX	BAS	4
未完成人	DX	ADV	7
新宝島	DX	ADV	6
未完成人	DX	EXP	8.7
未完成人	DX	MAS	11.7
前前前世	STD	ADV	6
前前前世	STD	BAS	4
前前前世	STD	EXP	9
前前前世	STD	MAS	12.7
シュガーソングとビターステップ	DX	BAS	4
シュガーソングとビターステップ	DX	ADV	7
シュガーソングとビターステップ	DX	EXP	9
シュガーソングとビターステップ	DX	MAS	11.7
シュガーソングとビターステップ	STD	BAS	5
シュガーソングとビターステップ	STD	EXP	9
シュガーソングとビターステップ	STD	ADV	7
シュガーソングとビターステップ	STD	MAS	12.7
アンチクロックワイズ	STD	ADV	7
アンチクロックワイズ	STD	BAS	5
アンチクロックワイズ	STD	EXP	9
アンチクロックワイズ	STD	MAS	10.7
1/3の純情な感情	STD	BAS	5
アンチクロックワイズ	STD	REM	12.8
1/3の純情な感情	STD	ADV	6
1/3の純情な感情	STD	EXP	9
1/3の純情な感情	STD	MAS	11.7
HOT LIMIT	DX	BAS	4
HOT LIMIT	DX	ADV	6
HOT LIMIT	DX	EXP	9
HOT LIMIT	DX	MAS	11.7
ハム太郎とっとこうた	DX	BAS	1
ハム太郎とっとこうた	DX	ADV	5
ハム太郎とっとこうた	DX	EXP	8
ハム太郎とっとこうた	DX	MAS	11.7
ハム太郎とっとこうた	DX	REM	12.8
おジャ魔女カーニバル!!	DX	BAS	3
おジャ魔女カーニバル!!	DX	ADV	6
おジャ魔女カーニバル!!	DX	EXP	8.7
おジャ魔女カーニバル!!	DX	MAS	12.8
Shiny Smily Story	DX	BAS	3
Shiny Smily Story	DX	ADV	7
Shiny Smily Story	DX	MAS	12
Shiny Smily Story	DX	EXP	10
Virtual to LIVE	DX	BAS	3
Virtual to LIVE	DX	ADV	6
Virtual to LIVE	DX	EXP	8.7
Virtual to LIVE	DX	MAS	11
Virtual to LIVE	DX	REM	12.7
インフェルノ	DX	BAS	4
インフェルノ	DX	ADV	7
インフェルノ	DX	EXP	9.7
インフェルノ	DX	MAS	11.7
God knows...	DX	BAS	3
インフェルノ	DX	REM	13
God knows...	DX	ADV	6
God knows...	DX	EXP	9.7
God knows...	DX	MAS	11.7
God knows...	DX	REM	13
乙女のルートはひとつじゃない！	DX	ADV	6
乙女のルートはひとつじゃない！	DX	BAS	2
乙女のルートはひとつじゃない！	DX	EXP	9.7
冬のこもりうた	DX	BAS	1
乙女のルートはひとつじゃない！	DX	MAS	12
冬のこもりうた	DX	EXP	7.7
冬のこもりうた	DX	MAS	10.7
冬のこもりうた	DX	ADV	5
お願いマッスル	DX	EXP	8.7
お願いマッスル	DX	ADV	6
お願いマッスル	DX	MAS	12.7
冬のこもりうた	DX	REM	13
MIRACLE RUSH	DX	BAS	3
お願いマッスル	DX	BAS	3
MIRACLE RUSH	DX	EXP	9
MIRACLE RUSH	DX	ADV	6
MIRACLE RUSH	DX	MAS	12
町かどタンジェント	DX	ADV	6
町かどタンジェント	DX	EXP	8.7
町かどタンジェント	DX	BAS	2
町かどタンジェント	DX	MAS	11.7
ノーポイッ!	DX	BAS	3
ノーポイッ!	DX	EXP	8.7
ノーポイッ!	DX	ADV	6
ノーポイッ!	DX	MAS	12
Daydream café	DX	BAS	3
Daydream café	DX	ADV	6
Daydream café	DX	EXP	8
Daydream café	DX	MAS	11.7
Daydream café	STD	BAS	4
Daydream café	STD	ADV	6
Daydream café	STD	EXP	8
Daydream café	STD	MAS	12
I'm with you	DX	BAS	2
I'm with you	DX	ADV	6
I'm with you	DX	EXP	9
I'm with you	DX	MAS	11
オトモダチフィルム	DX	BAS	4
オトモダチフィルム	DX	ADV	7
オトモダチフィルム	DX	EXP	9.7
オトモダチフィルム	DX	MAS	11.7
いつかいい感じにアレしよう	DX	BAS	3
いつかいい感じにアレしよう	DX	ADV	6
いつかいい感じにアレしよう	DX	EXP	9.7
いつかいい感じにアレしよう	DX	MAS	12.9
ラブ・ドラマティック feat. 伊原六花	DX	ADV	6
ラブ・ドラマティック feat. 伊原六花	DX	BAS	2
ラブ・ドラマティック feat. 伊原六花	DX	MAS	11.7
異世界かるてっと	DX	BAS	3
ラブ・ドラマティック feat. 伊原六花	DX	EXP	9
異世界かるてっと	DX	ADV	6
異世界かるてっと	DX	EXP	9.7
異世界かるてっと	DX	MAS	12
青空のラプソディ	DX	BAS	3
青空のラプソディ	DX	ADV	6
青空のラプソディ	DX	EXP	9.7
青空のラプソディ	DX	MAS	12
君の知らない物語	DX	BAS	3
君の知らない物語	DX	ADV	6
君の知らない物語	DX	MAS	12
君の知らない物語	STD	BAS	3
君の知らない物語	DX	EXP	8
君の知らない物語	STD	ADV	6
君の知らない物語	STD	EXP	8
君の知らない物語	STD	MAS	11
コネクト	DX	ADV	6
コネクト	DX	EXP	8.7
コネクト	DX	BAS	3
コネクト	DX	MAS	11
コネクト	DX	REM	12.8
コネクト	STD	BAS	5
コネクト	STD	ADV	7
コネクト	STD	EXP	8
コネクト	STD	MAS	12
Paradisus-Paradoxum	DX	ADV	7
Paradisus-Paradoxum	DX	BAS	4
Paradisus-Paradoxum	DX	EXP	9.7
Paradisus-Paradoxum	DX	MAS	12.8
Paradisus-Paradoxum	STD	BAS	4
Paradisus-Paradoxum	STD	EXP	9.7
Paradisus-Paradoxum	STD	ADV	7
徒花ネクロマンシー	DX	ADV	7
徒花ネクロマンシー	DX	BAS	4
Paradisus-Paradoxum	STD	MAS	12.7
徒花ネクロマンシー	DX	MAS	12
徒花ネクロマンシー	DX	EXP	10
目覚めRETURNER	DX	BAS	4
目覚めRETURNER	DX	ADV	7
目覚めRETURNER	DX	EXP	9
目覚めRETURNER	DX	MAS	11.7
The Gong of Knockout	DX	BAS	4
The Gong of Knockout	DX	ADV	7.7
The Gong of Knockout	DX	EXP	11
The Gong of Knockout	DX	MAS	13.5
Clattanoia	DX	BAS	4
Clattanoia	DX	EXP	10
UNION	DX	ADV	7
Clattanoia	DX	ADV	7
UNION	DX	EXP	10
UNION	DX	MAS	11.7
東奔西走行進曲	DX	ADV	7
東奔西走行進曲	DX	EXP	9.7
UNION	DX	BAS	3
東奔西走行進曲	DX	MAS	12.7
東奔西走行進曲	DX	BAS	4
Soul-ride ON!	DX	BAS	3
Soul-ride ON!	DX	ADV	6
Soul-ride ON!	DX	MAS	11.7
Soul-ride ON!	DX	EXP	9
乗ってけ！ジャパリビート	DX	BAS	3
乗ってけ！ジャパリビート	DX	ADV	6
Clattanoia	DX	MAS	12
乗ってけ！ジャパリビート	DX	EXP	9
乗ってけ！ジャパリビート	DX	MAS	12
フレ！フレ！ベストフレンズ	DX	BAS	4
フレ！フレ！ベストフレンズ	DX	MAS	11
フレ！フレ！ベストフレンズ	DX	ADV	7
フレ！フレ！ベストフレンズ	DX	EXP	9
ようこそジャパリパークへ	DX	BAS	4
ようこそジャパリパークへ	DX	ADV	7
ようこそジャパリパークへ	DX	EXP	9
ようこそジャパリパークへ	DX	MAS	11.7
ようこそジャパリパークへ	STD	ADV	6
ようこそジャパリパークへ	STD	BAS	4
ようこそジャパリパークへ	STD	MAS	12
ようこそジャパリパークへ	STD	EXP	8.7
POPPY PAPPY DAY	DX	ADV	6
ようこそジャパリパークへ	STD	REM	12
POPPY PAPPY DAY	DX	EXP	9
POPPY PAPPY DAY	DX	BAS	4
POPPY PAPPY DAY	DX	MAS	12
回レ！雪月花	DX	BAS	3
回レ！雪月花	DX	ADV	7
回レ！雪月花	DX	EXP	10
回レ！雪月花	DX	MAS	12
回レ！雪月花	STD	ADV	7
回レ！雪月花	STD	BAS	4
回レ！雪月花	STD	EXP	9.7
回レ！雪月花	STD	MAS	13
ネ！コ！	STD	BAS	4
ネ！コ！	STD	EXP	9
ネ！コ！	STD	ADV	7
ネ！コ！	STD	MAS	12.7
SHINY DAYS	STD	BAS	3
SHINY DAYS	STD	EXP	7.7
SHINY DAYS	STD	ADV	5
SHINY DAYS	STD	MAS	12
only my railgun	STD	BAS	4
only my railgun	STD	ADV	6
only my railgun	STD	EXP	9
only my railgun	STD	MAS	10
only my railgun	STD	REM	11.7
REVIVER オルタンシア・サーガ -蒼の騎士団- オリジナルVer.	STD	ADV	7
REVIVER オルタンシア・サーガ -蒼の騎士団- オリジナルVer.	STD	BAS	5
REVIVER オルタンシア・サーガ -蒼の騎士団- オリジナルVer.	STD	MAS	13.1
REVIVER オルタンシア・サーガ -蒼の騎士団- オリジナルVer.	STD	EXP	9.7
ファッとして桃源郷	STD	BAS	4
ファッとして桃源郷	STD	ADV	6
ファッとして桃源郷	STD	EXP	9
ファッとして桃源郷	STD	MAS	12.7
fantastic dreamer	STD	BAS	4
fantastic dreamer	STD	ADV	6
fantastic dreamer	STD	EXP	9
ガヴリールドロップキック	STD	BAS	4
ガヴリールドロップキック	STD	ADV	7
fantastic dreamer	STD	MAS	11.7
ガヴリールドロップキック	STD	EXP	8.7
ガヴリールドロップキック	STD	MAS	12
ギリギリ最強あいまいみー！	STD	BAS	5
ギリギリ最強あいまいみー！	STD	ADV	7
ギリギリ最強あいまいみー！	STD	EXP	9.7
ギリギリ最強あいまいみー！	STD	MAS	13.7
Los! Los! Los!	STD	BAS	4
Los! Los! Los!	STD	ADV	7
Los! Los! Los!	STD	EXP	10
Los! Los! Los!	STD	MAS	12
This game	STD	BAS	4
This game	STD	ADV	6
This game	STD	EXP	10.7
This game	STD	MAS	12.8
あ・え・い・う・え・お・あお!!	STD	BAS	5
あ・え・い・う・え・お・あお!!	STD	ADV	7.7
あ・え・い・う・え・お・あお!!	STD	EXP	9.7
あ・え・い・う・え・お・あお!!	STD	MAS	12
真・ハンサム体操でズンドコホイ	STD	ADV	6
真・ハンサム体操でズンドコホイ	STD	BAS	5
真・ハンサム体操でズンドコホイ	STD	MAS	12.8
真・ハンサム体操でズンドコホイ	STD	EXP	9
GET!! 夢&DREAM	STD	ADV	7
GET!! 夢&DREAM	STD	BAS	4
GET!! 夢&DREAM	STD	MAS	11.7
GET!! 夢&DREAM	STD	EXP	8.7
バラライカ	STD	BAS	4
バラライカ	STD	ADV	6
バラライカ	STD	MAS	11
バラライカ	STD	EXP	8.7
若い力 -SEGA HARD GIRLS MIX-	STD	BAS	4
若い力 -SEGA HARD GIRLS MIX-	STD	ADV	6
若い力 -SEGA HARD GIRLS MIX-	STD	EXP	9
若い力 -SEGA HARD GIRLS MIX-	STD	MAS	12
若い力 -SEGA HARD GIRLS MIX-	STD	REM	12
セハガガガンバッちゃう！！	STD	BAS	5
セハガガガンバッちゃう！！	STD	EXP	10
セハガガガンバッちゃう！！	STD	ADV	7
ラブリー☆えんじぇる!!	STD	BAS	4
セハガガガンバッちゃう！！	STD	MAS	12.7
ラブリー☆えんじぇる!!	STD	EXP	9
ラブリー☆えんじぇる!!	STD	ADV	6
ラブリー☆えんじぇる!!	STD	MAS	12
ラブって♡ジュエリー♪えんじぇる☆ブレイク！！	STD	BAS	4
ラブって♡ジュエリー♪えんじぇる☆ブレイク！！	STD	ADV	7.7
ラブって♡ジュエリー♪えんじぇる☆ブレイク！！	STD	EXP	10.7
ラブって♡ジュエリー♪えんじぇる☆ブレイク！！	STD	MAS	12.7
デビル☆アイドル	DX	BAS	3
デビル☆アイドル	DX	EXP	9.7
デビル☆アイドル	DX	MAS	12
デビル☆アイドル	DX	ADV	7
POP STAR	STD	BAS	4
POP STAR	STD	ADV	6
POP STAR	STD	EXP	8
POP STAR	STD	MAS	10.7
Love or Lies	STD	ADV	6
Love or Lies	STD	BAS	4
Love or Lies	STD	EXP	8
jelly	STD	MAS	11.7
Love or Lies	STD	MAS	11
jelly	STD	EXP	8
美しく燃える森	STD	BAS	4
jelly	STD	BAS	4
美しく燃える森	STD	ADV	6
美しく燃える森	STD	MAS	10
美しく燃える森	STD	EXP	8
jelly	STD	ADV	7
Love You	STD	BAS	5
Love You	STD	ADV	6
Love You	STD	EXP	8
Love You	STD	MAS	11
come again	STD	BAS	5
come again	STD	ADV	6
come again	STD	EXP	9
come again	STD	MAS	11.7
Future	STD	BAS	6
Future	STD	ADV	6
Future	STD	EXP	8
Future	STD	MAS	10
Future	STD	REM	12
NIGHT OF FIRE	STD	BAS	6
NIGHT OF FIRE	STD	ADV	7
NIGHT OF FIRE	STD	EXP	9
NIGHT OF FIRE	STD	MAS	11
YATTA!	STD	BAS	3
YATTA!	STD	ADV	6
YATTA!	STD	EXP	8.7
YATTA!	STD	MAS	10.7
fake!fake!	STD	BAS	4
fake!fake!	STD	ADV	7
fake!fake!	STD	EXP	9
fake!fake!	STD	MAS	12
HIMITSUスパーク	STD	ADV	6
HIMITSUスパーク	STD	BAS	4
HIMITSUスパーク	STD	EXP	9
日本の米は世界一	STD	BAS	4
HIMITSUスパーク	STD	MAS	12.7
日本の米は世界一	STD	ADV	6
日本の米は世界一	STD	EXP	9.7
ポップミュージックは僕のもの	STD	ADV	6
ポップミュージックは僕のもの	STD	BAS	4
日本の米は世界一	STD	MAS	12.7
ポップミュージックは僕のもの	STD	EXP	8.7
ポップミュージックは僕のもの	STD	MAS	12
ジンギスカン	STD	BAS	4
ジンギスカン	STD	EXP	9
ジンギスカン	STD	ADV	6
ジンギスカン	STD	MAS	12.7
ミラクル・ショッピング	STD	BAS	4
ミラクル・ショッピング	STD	ADV	6
ミラクル・ショッピング	STD	EXP	9.7
ミラクル・ショッピング	STD	MAS	12
六厘歌	DX	ADV	6
六厘歌	DX	BAS	3
六厘歌	DX	MAS	12
六厘歌	DX	EXP	8.7
ウマイネームイズうまみちゃん	DX	BAS	1
ウマイネームイズうまみちゃん	DX	ADV	6
ウマイネームイズうまみちゃん	DX	MAS	12
ウマイネームイズうまみちゃん	DX	EXP	8.7
きらっせ☆ウッド村ファーム	STD	ADV	7
きらっせ☆ウッド村ファーム	STD	BAS	5
きらっせ☆ウッド村ファーム	STD	EXP	9
きらっせ☆ウッド村ファーム	STD	MAS	12
にじよめちゃん体操第一億	STD	ADV	6
にじよめちゃん体操第一億	STD	BAS	4
にじよめちゃん体操第一億	STD	MAS	13.2
にじよめちゃん体操第一億	STD	EXP	8
true my heart -Lovable mix-	STD	BAS	4
true my heart -Lovable mix-	STD	ADV	6
true my heart -Lovable mix-	STD	EXP	9
ガチャガチャきゅ～と・ふぃぎゅ@メイト	STD	BAS	5
true my heart -Lovable mix-	STD	MAS	12
ガチャガチャきゅ～と・ふぃぎゅ@メイト	STD	ADV	7
ガチャガチャきゅ～と・ふぃぎゅ@メイト	STD	MAS	12.7
ガチャガチャきゅ～と・ふぃぎゅ@メイト	STD	EXP	10
ウッーウッーウマウマ(ﾟ∀ﾟ)	STD	ADV	7
ウッーウッーウマウマ(ﾟ∀ﾟ)	STD	BAS	5
ウッーウッーウマウマ(ﾟ∀ﾟ)	STD	EXP	8.7
Rodeo Machine	STD	BAS	3
ウッーウッーウマウマ(ﾟ∀ﾟ)	STD	MAS	12.7
Rodeo Machine	STD	ADV	6
グッバイ宣言	DX	BAS	3
Rodeo Machine	STD	EXP	10
Rodeo Machine	STD	MAS	13.2
グッバイ宣言	DX	EXP	9.7
グッバイ宣言	DX	ADV	7
グッバイ宣言	DX	MAS	12.5
テレキャスタービーボーイ	DX	BAS	3
テレキャスタービーボーイ	DX	ADV	7
テレキャスタービーボーイ	DX	EXP	9.7
テレキャスタービーボーイ	DX	REM	12.8
テレキャスタービーボーイ	DX	MAS	11.8
春嵐	DX	BAS	2
春嵐	DX	ADV	6
春嵐	DX	MAS	13.7
春嵐	DX	EXP	10
ラグトレイン	DX	ADV	6
ラグトレイン	DX	BAS	2
ラグトレイン	DX	EXP	9.7
ラグトレイン	DX	MAS	12.9
アカツキアライヴァル	DX	BAS	2
アカツキアライヴァル	DX	ADV	6
アカツキアライヴァル	DX	EXP	10
アカツキアライヴァル	DX	MAS	13
リモコン	DX	BAS	2
リモコン	DX	EXP	9
リモコン	DX	MAS	13.2
リモコン	DX	ADV	6
on the rocks	DX	BAS	1
on the rocks	DX	EXP	8.7
on the rocks	DX	MAS	12.8
失敗作少女	DX	BAS	3
失敗作少女	DX	ADV	7
失敗作少女	DX	EXP	10
失敗作少女	DX	MAS	12.8
on the rocks	DX	ADV	6
ノイローゼ	DX	ADV	7.7
ノイローゼ	DX	BAS	3
ノイローゼ	DX	EXP	10
ノイローゼ	DX	MAS	12.9
悪魔の踊り方	DX	BAS	2
悪魔の踊り方	DX	ADV	6
悪魔の踊り方	DX	EXP	9.7
悪魔の踊り方	DX	MAS	13
ポッピンキャンディ☆フィーバー！	DX	BAS	3
ポッピンキャンディ☆フィーバー！	DX	ADV	7.7
ポッピンキャンディ☆フィーバー！	DX	MAS	12.9
どぅーまいべすと！	DX	BAS	3
どぅーまいべすと！	DX	ADV	6
どぅーまいべすと！	DX	EXP	9.7
ポッピンキャンディ☆フィーバー！	DX	EXP	10
needLe	DX	BAS	3
needLe	DX	MAS	12.8
どぅーまいべすと！	DX	MAS	12.4
アイドル新鋭隊	DX	BAS	3
アイドル新鋭隊	DX	ADV	7
アイドル新鋭隊	DX	EXP	9.7
アイドル新鋭隊	DX	MAS	12.2
needLe	DX	ADV	7.7
セカイはまだ始まってすらいない	DX	BAS	3
セカイはまだ始まってすらいない	DX	ADV	6
needLe	DX	EXP	9.7
セカイはまだ始まってすらいない	DX	EXP	8.7
セカイはまだ始まってすらいない	DX	MAS	12.7
僕は空気が嫁ない	DX	BAS	3
僕は空気が嫁ない	DX	ADV	7
僕は空気が嫁ない	DX	EXP	10
僕は空気が嫁ない	DX	MAS	13.2
デッドマンズバラッド	DX	BAS	5
デッドマンズバラッド	DX	ADV	8
デッドマンズバラッド	DX	EXP	12.5
デッドマンズバラッド	DX	MAS	14.2
千本桜	DX	BAS	4
千本桜	DX	ADV	6
千本桜	DX	MAS	12
千本桜	DX	EXP	9
千本桜	STD	ADV	7
千本桜	STD	BAS	4
千本桜	STD	EXP	9.7
千本桜	STD	MAS	12.7
KING	DX	BAS	3
KING	DX	ADV	6
KING	DX	MAS	12.9
KING	DX	EXP	9
幽霊東京	DX	BAS	1
幽霊東京	DX	ADV	6
幽霊東京	DX	MAS	12
幽霊東京	DX	EXP	8.7
命に嫌われている	DX	BAS	4
命に嫌われている	DX	ADV	7
命に嫌われている	DX	EXP	10
命に嫌われている	DX	MAS	12.8
だれかの心臓になれたなら	DX	EXP	9
だれかの心臓になれたなら	DX	MAS	11.7
だれかの心臓になれたなら	DX	ADV	6
だれかの心臓になれたなら	DX	BAS	4
ビターチョコデコレーション	DX	BAS	4
ビターチョコデコレーション	DX	EXP	9.7
ビターチョコデコレーション	DX	ADV	7
ビターチョコデコレーション	DX	MAS	12.7
表裏一体	DX	ADV	6
表裏一体	DX	BAS	4
表裏一体	DX	MAS	12.7
表裏一体	DX	EXP	9.7
ベノム	DX	EXP	9
ベノム	DX	BAS	3
ベノム	DX	ADV	6
マネマネサイコトロピック	DX	BAS	4
ベノム	DX	MAS	12
マネマネサイコトロピック	DX	ADV	7
マネマネサイコトロピック	DX	EXP	10.7
マネマネサイコトロピック	DX	MAS	13.7
Alice in 冷凍庫	DX	BAS	3
Alice in 冷凍庫	DX	ADV	6
Alice in 冷凍庫	DX	EXP	9.7
アスノヨゾラ哨戒班	DX	ADV	7
Alice in 冷凍庫	DX	MAS	12.8
アスノヨゾラ哨戒班	DX	BAS	4
アスノヨゾラ哨戒班	DX	MAS	12.7
アスノヨゾラ哨戒班	DX	EXP	9
キミノヨゾラ哨戒班	STD	BAS	4
キミノヨゾラ哨戒班	STD	ADV	7
キミノヨゾラ哨戒班	STD	EXP	9.7
キミノヨゾラ哨戒班	STD	MAS	12
再会	DX	ADV	6
再会	DX	BAS	2
再会	DX	EXP	8.7
再会	DX	MAS	12
約束	DX	BAS	2
約束	DX	ADV	6
約束	DX	EXP	8
約束	DX	MAS	12
メルティランドナイトメア	DX	ADV	6
メルティランドナイトメア	DX	BAS	2
メルティランドナイトメア	DX	MAS	11.7
メルティランドナイトメア	DX	EXP	8.7
自傷無色	DX	EXP	9
自傷無色	DX	BAS	2
自傷無色	DX	ADV	5
自傷無色	DX	MAS	12
劣等上等	DX	BAS	3
劣等上等	DX	EXP	10
劣等上等	DX	MAS	13
ヒビカセ	STD	BAS	4
劣等上等	DX	ADV	6
ヒビカセ	STD	EXP	10
ヒビカセ	STD	ADV	7
+♂	STD	BAS	5
ヒビカセ	STD	MAS	12
+♂	STD	EXP	9
+♂	STD	ADV	7
+♂	STD	MAS	12.9
おこちゃま戦争	STD	BAS	4
おこちゃま戦争	STD	ADV	6
おこちゃま戦争	STD	MAS	12.7
おこちゃま戦争	STD	EXP	9.7
雨とペトラ	DX	BAS	4
雨とペトラ	DX	ADV	7
雨とペトラ	DX	EXP	9
シャルル	DX	BAS	3
雨とペトラ	DX	MAS	12
シャルル	DX	ADV	6
シャルル	DX	MAS	11
シャルル	DX	EXP	9
シャルル	STD	BAS	4
シャルル	STD	ADV	6
シャルル	STD	EXP	8.7
シャルル	STD	MAS	12
アウトサイダー	DX	BAS	4
アウトサイダー	DX	ADV	7
アウトサイダー	DX	MAS	12.7
アウトサイダー	DX	EXP	9
お気に召すまま	STD	BAS	4
お気に召すまま	STD	ADV	7
お気に召すまま	STD	EXP	9
お気に召すまま	STD	MAS	10.7
お気に召すまま	STD	REM	12
ナンセンス文学	STD	ADV	7
ナンセンス文学	STD	BAS	4
ナンセンス文学	STD	EXP	10.7
ナンセンス文学	STD	MAS	13
CocktaiL	DX	ADV	6
CocktaiL	DX	BAS	3
ロールプレイングゲーム	STD	ADV	6
ロールプレイングゲーム	STD	EXP	9
ロールプレイングゲーム	STD	BAS	4
ロールプレイングゲーム	STD	MAS	12
CocktaiL	DX	EXP	9
すーぱーぬこになれんかった	DX	BAS	4
すーぱーぬこになれんかった	DX	ADV	7
すーぱーぬこになれんかった	DX	EXP	10
すーぱーぬこになれんかった	DX	MAS	13
すーぱーぬこになりたい	STD	BAS	4
すーぱーぬこになりたい	STD	ADV	7
立ち入り禁止	STD	BAS	4
すーぱーぬこになりたい	STD	EXP	9.7
CocktaiL	DX	MAS	12.7
すーぱーぬこになりたい	STD	MAS	13.3
立ち入り禁止	STD	EXP	10.7
立ち入り禁止	STD	ADV	6
立ち入り禁止	STD	REM	13.7
立ち入り禁止	STD	MAS	11
quiet room	DX	ADV	6
quiet room	DX	BAS	3
quiet room	DX	EXP	8.7
quiet room	DX	MAS	12
猫猫的宇宙論	DX	BAS	4
猫猫的宇宙論	DX	EXP	9
猫猫的宇宙論	DX	ADV	6
猫猫的宇宙論	DX	MAS	12.7
明星ギャラクティカ	DX	BAS	4
明星ギャラクティカ	DX	ADV	6
明星ギャラクティカ	DX	EXP	8.7
明星ギャラクティカ	DX	MAS	12
太陽系デスコ	DX	BAS	4
太陽系デスコ	DX	EXP	9.7
太陽系デスコ	DX	MAS	11.7
彗星ハネムーン	STD	BAS	4
太陽系デスコ	DX	ADV	6
彗星ハネムーン	STD	EXP	9
彗星ハネムーン	STD	MAS	12
ダンスロボットダンス	DX	BAS	4
ダンスロボットダンス	DX	ADV	7
ダンスロボットダンス	DX	EXP	9
ダンスロボットダンス	DX	MAS	12.7
ダンスロボットダンス	STD	BAS	5
ダンスロボットダンス	STD	ADV	7
ダンスロボットダンス	STD	EXP	10
彗星ハネムーン	STD	ADV	6
ダンスロボットダンス	STD	MAS	12.8
エイリアンエイリアン	STD	BAS	4
エイリアンエイリアン	STD	ADV	7
エイリアンエイリアン	STD	EXP	9
エイリアンエイリアン	STD	MAS	12
パーフェクト生命	STD	BAS	5
パーフェクト生命	STD	ADV	7
パーフェクト生命	STD	EXP	9
とりあえずアナタがいなくなるまえに	DX	ADV	6
とりあえずアナタがいなくなるまえに	DX	BAS	3
パーフェクト生命	STD	MAS	12.8
とりあえずアナタがいなくなるまえに	DX	EXP	8.7
とりあえずアナタがいなくなるまえに	DX	MAS	11.7
ヘルシーエンド	STD	BAS	4
ヘルシーエンド	STD	EXP	10
ヘルシーエンド	STD	ADV	7
ヘルシーエンド	STD	MAS	12
ネガティブ進化論	DX	ADV	6
ネガティブ進化論	DX	BAS	3
ネガティブ進化論	DX	EXP	8.7
ネガティブ進化論	DX	MAS	12
乙女解剖	DX	BAS	3
乙女解剖	DX	EXP	8.7
乙女解剖	DX	MAS	12
乙女解剖	DX	ADV	6
アンドロイドガール	DX	BAS	4
アンドロイドガール	DX	ADV	7.7
アンドロイドガール	DX	MAS	12.7
アンドロイドガール	DX	EXP	10
ヒバナ	STD	BAS	4
ヒバナ	STD	ADV	7
ヒバナ	STD	EXP	10
ヒバナ	STD	MAS	11
ヒバナ	STD	REM	12.7
妄想感傷代償連盟	STD	BAS	3
妄想感傷代償連盟	STD	ADV	6
妄想感傷代償連盟	STD	EXP	8.7
妄想感傷代償連盟	STD	MAS	10.7
妄想感傷代償連盟	STD	REM	12.7
ゴーストルール	DX	ADV	7.7
ゴーストルール	DX	BAS	3
ゴーストルール	DX	EXP	9.7
ゴーストルール	DX	MAS	12.9
ゴーストルール	STD	ADV	7.7
ゴーストルール	STD	EXP	9.7
ゴーストルール	STD	MAS	12
ゴーストルール	STD	BAS	5
おじゃま虫	STD	ADV	6
おじゃま虫	STD	EXP	8.7
おじゃま虫	STD	BAS	3
ストリーミングハート	STD	ADV	7
ストリーミングハート	STD	BAS	4
おじゃま虫	STD	MAS	11
ストリーミングハート	STD	EXP	9.7
ストリーミングハート	STD	MAS	12.7
妄想税	STD	BAS	4
妄想税	STD	EXP	9.7
妄想税	STD	ADV	6
妄想税	STD	MAS	11
毒占欲	STD	BAS	5
毒占欲	STD	EXP	9.7
毒占欲	STD	MAS	13.3
毒占欲	STD	ADV	7
二息歩行	STD	ADV	6
二息歩行	STD	BAS	4
二息歩行	STD	MAS	12.7
二息歩行	STD	EXP	9
むかしむかしのきょうのぼく	STD	ADV	6
むかしむかしのきょうのぼく	STD	BAS	4
むかしむかしのきょうのぼく	STD	EXP	9
モザイクロール	STD	BAS	4
むかしむかしのきょうのぼく	STD	MAS	11
モザイクロール	STD	ADV	6
モザイクロール	STD	EXP	9.7
モザイクロール	STD	MAS	11.7
弱虫モンブラン	STD	BAS	4
弱虫モンブラン	STD	EXP	9.7
弱虫モンブラン	STD	ADV	6
弱虫モンブラン	STD	MAS	12
アルティメットセンパイ	DX	BAS	4
アルティメットセンパイ	DX	ADV	6
アルティメットセンパイ	DX	EXP	9
アルティメットセンパイ	DX	MAS	13
頓珍漢の宴	STD	BAS	5
頓珍漢の宴	STD	ADV	7.7
頓珍漢の宴	STD	MAS	13.7
ありふれたせかいせいふく	STD	BAS	4
ありふれたせかいせいふく	STD	ADV	6
絵の上手かった友達	STD	BAS	3
頓珍漢の宴	STD	EXP	10
絵の上手かった友達	STD	ADV	6
ありふれたせかいせいふく	STD	EXP	8.7
絵の上手かった友達	STD	EXP	8.7
ありふれたせかいせいふく	STD	MAS	13.1
絵の上手かった友達	STD	MAS	12
すろぉもぉしょん	STD	ADV	6
すろぉもぉしょん	STD	EXP	8.7
すろぉもぉしょん	STD	BAS	4
すろぉもぉしょん	STD	MAS	12
はじめまして地球人さん	STD	BAS	4
はじめまして地球人さん	STD	EXP	9
はじめまして地球人さん	STD	ADV	6
はじめまして地球人さん	STD	MAS	12
腐れ外道とチョコレゐト	STD	BAS	6
腐れ外道とチョコレゐト	STD	EXP	11.7
腐れ外道とチョコレゐト	STD	ADV	8
腐れ外道とチョコレゐト	STD	MAS	13.1
ディカディズム	DX	BAS	3
ディカディズム	DX	ADV	7
ディカディズム	DX	EXP	9.7
ディカディズム	DX	MAS	13.1
命ばっかり	STD	ADV	6
命ばっかり	STD	BAS	3
命ばっかり	STD	EXP	8.7
命ばっかり	STD	MAS	12
フラジール	STD	ADV	7
フラジール	STD	BAS	4
フィクサー	STD	BAS	4
フラジール	STD	EXP	8.7
フラジール	STD	MAS	12
フィクサー	STD	ADV	6
永遠にゲームで対戦したいキリタン	DX	BAS	4
フィクサー	STD	EXP	9
フィクサー	STD	MAS	13.1
永遠にゲームで対戦したいキリタン	DX	ADV	6
永遠にゲームで対戦したいキリタン	DX	EXP	9
絶対にチョコミントを食べるアオイチャン	DX	BAS	3
永遠にゲームで対戦したいキリタン	DX	MAS	12.7
絶対にチョコミントを食べるアオイチャン	DX	ADV	6
絶対にチョコミントを食べるアオイチャン	DX	MAS	12.9
絶対にチョコミントを食べるアオイチャン	DX	EXP	9.7
アカリがやってきたぞっ	DX	BAS	4
アカリがやってきたぞっ	DX	EXP	10
アカリがやってきたぞっ	DX	ADV	6
アカリがやってきたぞっ	DX	MAS	12.7
Seyana. ～何でも言うことを聞いてくれるアカネチャン～	STD	BAS	4
Seyana. ～何でも言うことを聞いてくれるアカネチャン～	STD	ADV	6
Seyana. ～何でも言うことを聞いてくれるアカネチャン～	STD	EXP	9.7
Seyana. ～何でも言うことを聞いてくれるアカネチャン～	STD	MAS	12.8
幾望の月	DX	BAS	5
幾望の月	DX	ADV	7.7
幾望の月	DX	EXP	10.7
幾望の月	DX	MAS	12.8
トラフィック・ジャム	DX	BAS	3
トラフィック・ジャム	DX	ADV	6
トラフィック・ジャム	DX	EXP	9.7
トラフィック・ジャム	DX	MAS	12.8
ラットが死んだnew words	DX	BAS	3
ラットが死んだnew words	DX	EXP	9.7
ラットが死んだnew words	DX	ADV	7
阿吽のビーツ	DX	BAS	2
ラットが死んだnew words	DX	MAS	12.8
阿吽のビーツ	DX	EXP	10
阿吽のビーツ	DX	ADV	6
阿吽のビーツ	DX	MAS	12.8
デリヘル呼んだら君が来た	DX	BAS	4
デリヘル呼んだら君が来た	DX	EXP	10
デリヘル呼んだら君が来た	DX	ADV	7
絶え間なく藍色	DX	BAS	3
デリヘル呼んだら君が来た	DX	MAS	13
絶え間なく藍色	DX	EXP	8
絶え間なく藍色	DX	ADV	6
ガランド	DX	BAS	2
絶え間なく藍色	DX	MAS	13.2
ガランド	DX	EXP	9.7
ガランド	DX	ADV	7
ガランド	DX	MAS	12.7
アンクローズ・ヒューマン	DX	BAS	4
アンクローズ・ヒューマン	DX	EXP	9.7
アンクローズ・ヒューマン	DX	ADV	7
アンクローズ・ヒューマン	DX	MAS	13.2
深海シティアンダーグラウンド	DX	BAS	4
深海シティアンダーグラウンド	DX	ADV	6
深海シティアンダーグラウンド	DX	MAS	12.8
深海シティアンダーグラウンド	DX	EXP	10
KILLER B	DX	BAS	4
KILLER B	DX	ADV	6
KILLER B	DX	EXP	10
KILLER B	DX	MAS	12.7
スロウダウナー	DX	BAS	4
スロウダウナー	DX	ADV	7
スロウダウナー	DX	EXP	9.7
スロウダウナー	DX	MAS	12
グリーンライツ・セレナーデ	DX	BAS	4
グリーンライツ・セレナーデ	DX	ADV	7
グリーンライツ・セレナーデ	DX	EXP	10
METEOR	DX	BAS	3
グリーンライツ・セレナーデ	DX	MAS	12
METEOR	DX	ADV	7
METEOR	DX	EXP	9
だからパンを焼いたんだ	DX	BAS	3
METEOR	DX	MAS	12
だからパンを焼いたんだ	DX	ADV	6
だからパンを焼いたんだ	DX	EXP	9
だからパンを焼いたんだ	DX	MAS	11.7
ジャガーノート	DX	BAS	4
ジャガーノート	DX	ADV	6
ジャガーノート	DX	EXP	9.7
ジャガーノート	DX	MAS	12
メルト	DX	BAS	3
メルト	DX	EXP	8.7
メルト	DX	ADV	6
メルト	DX	MAS	11.7
デンパラダイム	DX	BAS	4
デンパラダイム	DX	ADV	7.7
デンパラダイム	DX	MAS	13.3
デンパラダイム	DX	EXP	11.7
骸骨楽団とリリア	DX	BAS	4
骸骨楽団とリリア	DX	ADV	7.7
骸骨楽団とリリア	DX	EXP	10.7
骸骨楽団とリリア	DX	MAS	13.4
星屑ユートピア	DX	BAS	4
星屑ユートピア	DX	ADV	7
星屑ユートピア	DX	EXP	10.7
アマツキツネ	DX	BAS	4
星屑ユートピア	DX	MAS	12
アマツキツネ	DX	ADV	7
アマツキツネ	DX	EXP	9
アマツキツネ	DX	MAS	11.7
Strobe♡Girl	DX	ADV	7
Strobe♡Girl	DX	BAS	3
Strobe♡Girl	DX	EXP	10
Strobe♡Girl	DX	MAS	12
39みゅーじっく！	DX	BAS	3
39みゅーじっく！	DX	ADV	6
39みゅーじっく！	DX	EXP	9
いーあるふぁんくらぶ	DX	BAS	3
いーあるふぁんくらぶ	STD	BAS	4
39みゅーじっく！	DX	MAS	11.7
いーあるふぁんくらぶ	DX	MAS	11
いーあるふぁんくらぶ	STD	ADV	6
いーあるふぁんくらぶ	STD	EXP	7
いーあるふぁんくらぶ	STD	REM	12
いーあるふぁんくらぶ	STD	MAS	11
ロキ	STD	BAS	4
ロキ	STD	ADV	7
いーあるふぁんくらぶ	DX	ADV	6
ロキ	STD	EXP	9.7
ロキ	STD	MAS	11
バレリーコ	STD	BAS	4
ロキ	STD	REM	13
バレリーコ	STD	ADV	6
バレリーコ	STD	EXP	9.7
バレリーコ	STD	MAS	11.7
いーあるふぁんくらぶ	DX	EXP	8
クノイチでも恋がしたい	STD	ADV	7
クノイチでも恋がしたい	STD	EXP	10
クノイチでも恋がしたい	STD	BAS	5
クノイチでも恋がしたい	STD	MAS	12.8
イカサマライフゲイム	DX	BAS	4
イカサマライフゲイム	DX	ADV	7.7
イカサマライフゲイム	DX	MAS	12.7
イカサマライフゲイム	DX	EXP	10
六兆年と一夜物語	DX	BAS	5
六兆年と一夜物語	DX	EXP	9
六兆年と一夜物語	DX	MAS	13.3
六兆年と一夜物語	DX	ADV	7.7
六兆年と一夜物語	STD	EXP	9.7
六兆年と一夜物語	STD	BAS	5
六兆年と一夜物語	STD	MAS	13.5
六兆年と一夜物語	STD	ADV	7
敗北の少年	STD	BAS	5
敗北の少年	STD	ADV	7.7
敗北の少年	STD	MAS	12.9
敗北の少年	STD	EXP	10.7
インビジブル	STD	ADV	7
インビジブル	STD	BAS	5
インビジブル	STD	EXP	10
インビジブル	STD	MAS	11
拝啓ドッペルゲンガー	STD	BAS	5
インビジブル	STD	REM	13.7
拝啓ドッペルゲンガー	STD	ADV	7.7
拝啓ドッペルゲンガー	STD	EXP	11
拝啓ドッペルゲンガー	STD	MAS	13.4
人生リセットボタン	STD	BAS	5
人生リセットボタン	STD	EXP	11
人生リセットボタン	STD	ADV	7.7
人生リセットボタン	STD	MAS	13.5
リンカーネイション	STD	ADV	7
リンカーネイション	STD	BAS	5
リンカーネイション	STD	EXP	10
リンカーネイション	STD	MAS	12.9
39	DX	ADV	7
39	DX	BAS	4
39	DX	EXP	9
39	DX	MAS	12.7
39	STD	ADV	7.7
39	STD	BAS	5
39	STD	EXP	10
39	STD	MAS	12
39	STD	REM	12.7
ワンダーラスト	STD	BAS	5
ワンダーラスト	STD	ADV	7.7
ワンダーラスト	STD	MAS	13.8
ワンダーラスト	STD	EXP	11.7
Mr. Wonderland	STD	ADV	6
Mr. Wonderland	STD	BAS	5
Mr. Wonderland	STD	EXP	9
Mr. Wonderland	STD	MAS	13.2
＊ハロー、プラネット。	STD	ADV	6
＊ハロー、プラネット。	STD	BAS	3
＊ハロー、プラネット。	STD	MAS	12
＊ハロー、プラネット。	STD	EXP	8
Catch the Wave	DX	BAS	3
Catch the Wave	DX	EXP	9.7
Catch the Wave	DX	ADV	6
Catch the Wave	DX	MAS	12
Hand in Hand	STD	ADV	6
Hand in Hand	STD	BAS	4
Hand in Hand	STD	EXP	9
Hand in Hand	STD	MAS	12
Tell Your World	STD	BAS	4
Tell Your World	STD	ADV	6
Tell Your World	STD	REM	12.7
Tell Your World	STD	EXP	9
スターリースカイ☆パレード	DX	BAS	4
Tell Your World	STD	MAS	11.7
スターリースカイ☆パレード	DX	ADV	7
スターリースカイ☆パレード	DX	EXP	10
はやくそれになりたい！	STD	BAS	5
スターリースカイ☆パレード	DX	MAS	12
はやくそれになりたい！	STD	EXP	9.7
はやくそれになりたい！	STD	ADV	7
はやくそれになりたい！	STD	MAS	11
はやくそれになりたい！	STD	REM	12.7
クレイジー・ビート	DX	EXP	9.7
クレイジー・ビート	DX	BAS	4
クレイジー・ビート	DX	MAS	12.7
クレイジー・ビート	DX	ADV	6
ネトゲ廃人シュプレヒコール	STD	BAS	4
ネトゲ廃人シュプレヒコール	STD	ADV	7
ネトゲ廃人シュプレヒコール	STD	EXP	9.7
グラーヴェ	DX	BAS	4
グラーヴェ	DX	ADV	7
ネトゲ廃人シュプレヒコール	STD	MAS	13.2
グラーヴェ	DX	EXP	9.7
グラーヴェ	DX	MAS	12.7
ARROW	STD	BAS	4
ARROW	STD	ADV	6
ARROW	STD	EXP	11
ARROW	STD	MAS	12.8
アスヘノBRAVE	DX	BAS	3
アスヘノBRAVE	DX	ADV	6
アスヘノBRAVE	DX	MAS	12
アスヘノBRAVE	DX	EXP	9.7
M.S.S.Planet	STD	BAS	4
M.S.S.Planet	STD	ADV	6
M.S.S.Planet	STD	MAS	12
バイオレンストリガー	DX	ADV	7.7
バイオレンストリガー	DX	EXP	10
M.S.S.Planet	STD	EXP	9.7
バイオレンストリガー	DX	MAS	13.3
Sweet Devil	STD	BAS	4
Sweet Devil	STD	ADV	6
Sweet Devil	STD	EXP	10
Sweet Devil	STD	MAS	12
サヨナラチェーンソー	DX	BAS	3
バイオレンストリガー	DX	BAS	5
サヨナラチェーンソー	DX	ADV	6
サヨナラチェーンソー	DX	EXP	9.7
サヨナラチェーンソー	DX	MAS	12
チュルリラ・チュルリラ・ダッダッダ！	STD	BAS	5
チュルリラ・チュルリラ・ダッダッダ！	STD	ADV	7
チュルリラ・チュルリラ・ダッダッダ！	STD	EXP	10
チュルリラ・チュルリラ・ダッダッダ！	STD	MAS	13
脳漿炸裂ガール	DX	BAS	4
脳漿炸裂ガール	STD	BAS	4
脳漿炸裂ガール	DX	EXP	11
脳漿炸裂ガール	DX	ADV	6
脳漿炸裂ガール	DX	MAS	12.7
脳漿炸裂ガール	STD	ADV	6
脳漿炸裂ガール	STD	EXP	11.7
脳漿炸裂ガール	STD	MAS	13.9
厨病激発ボーイ	STD	BAS	5
厨病激発ボーイ	STD	ADV	7
厨病激発ボーイ	STD	EXP	9.7
アディショナルメモリー	DX	BAS	4
厨病激発ボーイ	STD	MAS	13.5
アディショナルメモリー	DX	ADV	6
アディショナルメモリー	DX	EXP	9.7
アディショナルメモリー	DX	MAS	12
アウターサイエンス	STD	BAS	5
アウターサイエンス	STD	ADV	7
アウターサイエンス	STD	MAS	12.7
アウターサイエンス	STD	EXP	11.7
夜咄ディセイブ	STD	BAS	4
夜咄ディセイブ	STD	ADV	7.7
夜咄ディセイブ	STD	EXP	11
夜咄ディセイブ	STD	MAS	13.1
カゲロウデイズ	STD	BAS	4
カゲロウデイズ	STD	EXP	10
カゲロウデイズ	STD	ADV	6
カゲロウデイズ	STD	MAS	12.7
スターナイトスノウ	STD	BAS	4
カゲロウデイズ	STD	REM	13.9
スターナイトスノウ	STD	ADV	6
スターナイトスノウ	STD	EXP	9
スターナイトスノウ	STD	MAS	10.7
白ゆき	STD	BAS	5
白ゆき	STD	ADV	7
白ゆき	STD	EXP	10.7
ウミユリ海底譚	STD	BAS	4
白ゆき	STD	MAS	12.7
ウミユリ海底譚	STD	ADV	6
ウミユリ海底譚	STD	EXP	8.7
ウミユリ海底譚	STD	MAS	13
だんだん早くなる	STD	BAS	4
だんだん早くなる	STD	ADV	7
だんだん早くなる	STD	EXP	9
だんだん早くなる	STD	MAS	11
だんだん早くなる	STD	REM	12
恋愛裁判	STD	BAS	4
恋愛裁判	STD	ADV	6
恋愛裁判	STD	EXP	9
恋愛裁判	STD	MAS	11
からくりピエロ	STD	ADV	5
からくりピエロ	STD	BAS	3
からくりピエロ	STD	EXP	9
からくりピエロ	STD	MAS	12
WORLD'S END UMBRELLA	STD	BAS	4
からくりピエロ	STD	REM	12
WORLD'S END UMBRELLA	STD	ADV	7
WORLD'S END UMBRELLA	STD	EXP	9
WORLD'S END UMBRELLA	STD	MAS	12
結ンデ開イテ羅刹ト骸	STD	BAS	4
結ンデ開イテ羅刹ト骸	STD	ADV	7
結ンデ開イテ羅刹ト骸	STD	EXP	9.7
結ンデ開イテ羅刹ト骸	STD	REM	13
結ンデ開イテ羅刹ト骸	STD	MAS	11
ドーナツホール	STD	BAS	5
ドーナツホール	STD	ADV	6
ドーナツホール	STD	MAS	13.7
ドーナツホール	STD	EXP	10.7
砂の惑星 feat. HATSUNE MIKU	STD	BAS	4
砂の惑星 feat. HATSUNE MIKU	STD	ADV	6
砂の惑星 feat. HATSUNE MIKU	STD	EXP	9.7
砂の惑星 feat. HATSUNE MIKU	STD	MAS	12.7
ゴーゴー幽霊船	STD	ADV	7
ゴーゴー幽霊船	STD	BAS	4
ゴーゴー幽霊船	STD	EXP	10
ゴーゴー幽霊船	STD	MAS	12
パンダヒーロー	STD	ADV	6
パンダヒーロー	STD	BAS	5
パンダヒーロー	STD	EXP	8.7
パンダヒーロー	STD	MAS	11.7
マトリョシカ	STD	BAS	5
マトリョシカ	STD	ADV	7.7
マトリョシカ	STD	MAS	11
マトリョシカ	STD	EXP	8.7
マトリョシカ	STD	REM	12.7
アンノウン・マザーグース	STD	BAS	4
アンノウン・マザーグース	STD	ADV	6
アンノウン・マザーグース	STD	EXP	10
アンノウン・マザーグース	STD	MAS	12.7
アンハッピーリフレイン	STD	BAS	5
アンハッピーリフレイン	STD	EXP	10.7
アンハッピーリフレイン	STD	ADV	7
アンハッピーリフレイン	STD	MAS	13.1
裏表ラバーズ	STD	ADV	7
裏表ラバーズ	STD	EXP	11
裏表ラバーズ	STD	BAS	5
裏表ラバーズ	STD	MAS	13.7
ローリンガール	STD	BAS	4
ローリンガール	STD	ADV	6
ローリンガール	STD	EXP	8.7
ローリンガール	STD	MAS	12.7
ワールズエンド・ダンスホール	STD	ADV	7
ワールズエンド・ダンスホール	STD	BAS	5
ワールズエンド・ダンスホール	STD	EXP	8.7
ワールズエンド・ダンスホール	STD	MAS	12
ワールズエンド・ダンスホール	STD	REM	13
セツナトリップ	STD	BAS	4
セツナトリップ	STD	ADV	6
セツナトリップ	STD	EXP	10
放課後ストライド	STD	BAS	4
セツナトリップ	STD	MAS	13
放課後ストライド	STD	ADV	7
放課後ストライド	STD	MAS	12.7
放課後ストライド	STD	EXP	9.7
このピアノでお前を8759632145回ぶん殴る	STD	BAS	5
このピアノでお前を8759632145回ぶん殴る	STD	ADV	7
このピアノでお前を8759632145回ぶん殴る	STD	EXP	10
このピアノでお前を8759632145回ぶん殴る	STD	MAS	13.1
やめろ！聴くな！	STD	BAS	4
やめろ！聴くな！	STD	ADV	7
好き！雪！本気マジック	STD	ADV	6
好き！雪！本気マジック	STD	EXP	10
やめろ！聴くな！	STD	EXP	9
好き！雪！本気マジック	STD	MAS	11.7
アゲアゲアゲイン	STD	BAS	4
好き！雪！本気マジック	STD	BAS	4
アゲアゲアゲイン	STD	ADV	7
アゲアゲアゲイン	STD	MAS	12
アゲアゲアゲイン	STD	EXP	9
やめろ！聴くな！	STD	MAS	12.8
ラブチーノ	STD	ADV	6
ラブチーノ	STD	BAS	4
ラブチーノ	STD	EXP	8.7
ラブチーノ	STD	MAS	11
I ♥	STD	BAS	4
I ♥	STD	ADV	6
I ♥	STD	EXP	8
I ♥	STD	MAS	11.7
メランコリック	STD	BAS	6
メランコリック	STD	ADV	6
メランコリック	STD	EXP	8
メランコリック	STD	MAS	11
ZIGG-ZAGG	STD	BAS	6
ZIGG-ZAGG	STD	ADV	6
ZIGG-ZAGG	STD	EXP	8
ZIGG-ZAGG	STD	MAS	10.7
ZIGG-ZAGG	STD	REM	11.7
スイートマジック	STD	BAS	4
スイートマジック	STD	ADV	6
スイートマジック	STD	EXP	9.7
スイートマジック	STD	MAS	11.7
リリリリ★バーニングナイト	STD	BAS	4
リリリリ★バーニングナイト	STD	ADV	7
リリリリ★バーニングナイト	STD	EXP	8.7
リリリリ★バーニングナイト	STD	MAS	10
イアイア★ナイトオブデザイア	STD	BAS	4
イアイア★ナイトオブデザイア	STD	ADV	6
イアイア★ナイトオブデザイア	STD	EXP	8.7
イアイア★ナイトオブデザイア	STD	MAS	10
ルカルカ★ナイトフィーバー	STD	ADV	6
ルカルカ★ナイトフィーバー	STD	BAS	4
ルカルカ★ナイトフィーバー	STD	EXP	8
メグメグ☆ファイアーエンドレスナイト	STD	BAS	5
ルカルカ★ナイトフィーバー	STD	MAS	11
メグメグ☆ファイアーエンドレスナイト	STD	ADV	6
メグメグ☆ファイアーエンドレスナイト	STD	EXP	7.7
メグメグ☆ファイアーエンドレスナイト	STD	MAS	11
クローバー♣クラブ	STD	BAS	4
クローバー♣クラブ	STD	EXP	8.7
クローバー♣クラブ	STD	ADV	6
深海少女	STD	BAS	4
クローバー♣クラブ	STD	MAS	12.8
深海少女	STD	ADV	6
深海少女	STD	EXP	8.7
片想いサンバ	STD	BAS	5
深海少女	STD	MAS	12.7
片想いサンバ	STD	ADV	6
片想いサンバ	STD	EXP	10.7
片想いサンバ	STD	MAS	12.8
トルコ行進曲 - オワタ＼(^o^)／	STD	BAS	3
トルコ行進曲 - オワタ＼(^o^)／	STD	ADV	6
トルコ行進曲 - オワタ＼(^o^)／	STD	EXP	9
Just Be Friends	STD	BAS	4
トルコ行進曲 - オワタ＼(^o^)／	STD	MAS	13.3
Just Be Friends	STD	ADV	7
Just Be Friends	STD	EXP	9.7
Just Be Friends	STD	MAS	12
Sweetiex2	STD	BAS	4
Sweetiex2	STD	ADV	6
Sweetiex2	STD	EXP	7
Sweetiex2	STD	MAS	11.7
shake it!	STD	BAS	4
shake it!	STD	EXP	8
shake it!	STD	ADV	6
shake it!	STD	MAS	11.7
Heart Beats	STD	BAS	5
Heart Beats	STD	EXP	8.7
Heart Beats	STD	ADV	6
Heart Beats	STD	MAS	11.7
終点	STD	BAS	5
終点	STD	EXP	11
終点	STD	ADV	7.7
終点	STD	MAS	13.5
初音ミクの激唱	STD	BAS	6
初音ミクの激唱	STD	ADV	8
初音ミクの激唱	STD	MAS	14.3
初音ミクの消失	STD	BAS	5
初音ミクの激唱	STD	EXP	11
初音ミクの消失	STD	ADV	8
初音ミクの消失	STD	EXP	10.7
初音ミクの消失	STD	MAS	13.9
フキゲンワルツ	STD	BAS	5
フキゲンワルツ	STD	ADV	7
フキゲンワルツ	STD	MAS	12.7
フキゲンワルツ	STD	EXP	9
ミラクルペイント	STD	BAS	4
ミラクルペイント	STD	ADV	6
ミラクルペイント	STD	EXP	9.7
ミラクルペイント	STD	MAS	12.7
天ノ弱	DX	BAS	3
天ノ弱	DX	ADV	7
天ノ弱	DX	EXP	10
天ノ弱	DX	MAS	12.7
天ノ弱	STD	ADV	7
天ノ弱	STD	BAS	5
天ノ弱	STD	EXP	9.7
天ノ弱	STD	MAS	12.7
右肩の蝶	STD	ADV	6
右肩の蝶	STD	BAS	4
右肩の蝶	STD	EXP	10
右肩の蝶	STD	MAS	12
サウンド	STD	BAS	4
サウンド	STD	ADV	6
サウンド	STD	MAS	11.7
サウンド	STD	EXP	8
ナイトメア☆パーティーナイト	STD	BAS	4
ナイトメア☆パーティーナイト	STD	ADV	7
ナイトメア☆パーティーナイト	STD	EXP	10
ナイトメア☆パーティーナイト	STD	MAS	11
Magical Sound Shower	STD	BAS	5
Magical Sound Shower	STD	ADV	7
Magical Sound Shower	STD	EXP	9.7
ナイトメア☆パーティーナイト	STD	REM	12
Magical Sound Shower	STD	MAS	13
金の聖夜霜雪に朽ちて	STD	BAS	5
金の聖夜霜雪に朽ちて	STD	ADV	7.7
金の聖夜霜雪に朽ちて	STD	EXP	10.7
金の聖夜霜雪に朽ちて	STD	MAS	12.9
このふざけた素晴らしき世界は、僕の為にある	STD	EXP	9.7
このふざけた素晴らしき世界は、僕の為にある	STD	MAS	12
このふざけた素晴らしき世界は、僕の為にある	STD	BAS	4
カラフル×メロディ	STD	BAS	5
カラフル×メロディ	STD	ADV	7
カラフル×メロディ	STD	EXP	10
このふざけた素晴らしき世界は、僕の為にある	STD	ADV	6
カラフル×メロディ	STD	MAS	11.7
えれくとりっく・えんじぇぅ	STD	BAS	4
えれくとりっく・えんじぇぅ	STD	ADV	7
えれくとりっく・えんじぇぅ	STD	EXP	9
えれくとりっく・えんじぇぅ	STD	MAS	10.7
ブリキノダンス	STD	BAS	5
ブリキノダンス	STD	ADV	7
ブリキノダンス	STD	EXP	9.7
ブリキノダンス	STD	REM	12.7
ブリキノダンス	STD	MAS	11.7
おねがいダーリン	STD	BAS	4
おねがいダーリン	STD	ADV	6
おねがいダーリン	STD	EXP	10
おねがいダーリン	STD	MAS	12
フリィダム ロリィタ	STD	BAS	4
フリィダム ロリィタ	STD	ADV	6
フリィダム ロリィタ	STD	EXP	9
フリィダム ロリィタ	STD	MAS	11.7
幸せになれる隠しコマンドがあるらしい	STD	BAS	5
幸せになれる隠しコマンドがあるらしい	STD	ADV	8
幸せになれる隠しコマンドがあるらしい	STD	EXP	12
幸せになれる隠しコマンドがあるらしい	STD	MAS	13.9
しねばいいのに	STD	BAS	4
しねばいいのに	STD	ADV	6
しねばいいのに	STD	EXP	9
しねばいいのに	STD	MAS	12
白い雪のプリンセスは	STD	ADV	7
白い雪のプリンセスは	STD	BAS	5
白い雪のプリンセスは	STD	EXP	10.7
キレキャリオン	STD	BAS	4
キレキャリオン	STD	ADV	6
白い雪のプリンセスは	STD	MAS	12
キレキャリオン	STD	EXP	9
ドクハク	STD	BAS	5
キレキャリオン	STD	MAS	12.7
ドクハク	STD	EXP	9
ドクハク	STD	ADV	6
アルカリレットウセイ	STD	BAS	4
ドクハク	STD	MAS	12.7
アルカリレットウセイ	STD	ADV	6
アルカリレットウセイ	STD	EXP	9.7
アルカリレットウセイ	STD	MAS	11.7
ちがう!!!	STD	BAS	5
ちがう!!!	STD	ADV	7
ちがう!!!	STD	EXP	9.7
名探偵連続殺人事件	STD	BAS	5
ちがう!!!	STD	MAS	12.9
名探偵連続殺人事件	STD	ADV	6
名探偵連続殺人事件	STD	EXP	10
東京レトロ	STD	BAS	4
名探偵連続殺人事件	STD	MAS	11.7
東京レトロ	STD	ADV	6
東京レトロ	STD	EXP	8.7
東京レトロ	STD	MAS	10.7
ロストワンの号哭	STD	BAS	4
ロストワンの号哭	STD	EXP	9.7
ロストワンの号哭	STD	ADV	6
ロストワンの号哭	STD	MAS	13.2
ロストワンの号哭	STD	REM	14.2
吉原ラメント	STD	ADV	7.7
吉原ラメント	STD	BAS	5
吉原ラメント	STD	EXP	10.7
吉原ラメント	STD	MAS	13.7
ココロ	STD	ADV	6
ココロ	STD	BAS	4
ココロ	STD	MAS	11.7
ココロ	STD	EXP	8.7
ゆっくりしていってね！！！	STD	ADV	7
ゆっくりしていってね！！！	STD	BAS	4
ゆっくりしていってね！！！	STD	EXP	10.7
ゆっくりしていってね！！！	STD	MAS	13
生きてるおばけは生きている	STD	BAS	4
生きてるおばけは生きている	STD	ADV	6
生きてるおばけは生きている	STD	MAS	12.8
生きてるおばけは生きている	STD	EXP	10
踊れオーケストラ	STD	BAS	5
踊れオーケストラ	STD	ADV	6
踊れオーケストラ	STD	EXP	8.7
踊れオーケストラ	STD	MAS	11
赤心性：カマトト荒療治	STD	BAS	5
赤心性：カマトト荒療治	STD	ADV	7
赤心性：カマトト荒療治	STD	EXP	8.7
赤心性：カマトト荒療治	STD	MAS	13.3
イノコリ先生	STD	BAS	4
イノコリ先生	STD	ADV	6
イノコリ先生	STD	EXP	8.7
イノコリ先生	STD	MAS	12
ECHO	STD	ADV	6
ECHO	STD	BAS	4
ECHO	STD	EXP	10
ECHO	STD	MAS	13.1
しんでしまうとはなさけない！	STD	ADV	7
しんでしまうとはなさけない！	STD	BAS	5
しんでしまうとはなさけない！	STD	MAS	12
しんでしまうとはなさけない！	STD	EXP	9
東京リアルワールド	STD	ADV	6
東京リアルワールド	STD	BAS	4
東京リアルワールド	STD	MAS	10
東京リアルワールド	STD	EXP	8
不毛！	STD	BAS	4
不毛！	STD	ADV	7
不毛！	STD	EXP	9
不毛！	STD	MAS	11.7
炉心融解	STD	BAS	4
炉心融解	STD	ADV	6
炉心融解	STD	EXP	10
炉心融解	STD	MAS	12.7
StargazeR	STD	ADV	6
StargazeR	STD	BAS	4
StargazeR	STD	MAS	11.7
StargazeR	STD	EXP	9.7
LOL -lots of laugh-	STD	ADV	6
LOL -lots of laugh-	STD	BAS	4
LOL -lots of laugh-	STD	EXP	9
LOL -lots of laugh-	STD	MAS	11
みくみくにしてあげる♪【してやんよ】	STD	ADV	6
みくみくにしてあげる♪【してやんよ】	STD	BAS	4
みくみくにしてあげる♪【してやんよ】	STD	EXP	8
みくみくにしてあげる♪【してやんよ】	STD	MAS	11
SPiCa	STD	BAS	4
SPiCa	STD	ADV	6
SPiCa	STD	EXP	8.7
ぽっぴっぽー	STD	BAS	3
SPiCa	STD	MAS	12
ぽっぴっぽー	STD	EXP	8.7
ぽっぴっぽー	STD	MAS	12.7
ぽっぴっぽー	STD	ADV	6
Nyan Cat EX	STD	ADV	7
Nyan Cat EX	STD	BAS	4
Nyan Cat EX	STD	EXP	10
Nyan Cat EX	STD	MAS	13.5
どういうことなの！？	STD	BAS	4
どういうことなの！？	STD	ADV	7
どういうことなの！？	STD	EXP	10
どういうことなの！？	STD	MAS	13
どうしてこうなった	STD	BAS	5
どうしてこうなった	STD	ADV	7
どうしてこうなった	STD	EXP	10.7
どうしてこうなった	STD	MAS	13.7
ダブルラリアット	STD	BAS	4
ダブルラリアット	STD	ADV	5
ダブルラリアット	STD	MAS	12.7
magician's operation	STD	BAS	4
ダブルラリアット	STD	EXP	9.7
magician's operation	STD	ADV	7
magician's operation	STD	EXP	10.7
magician's operation	STD	MAS	13.7
教えて!! 魔法のLyric	STD	BAS	6
教えて!! 魔法のLyric	STD	ADV	7
教えて!! 魔法のLyric	STD	EXP	8.7
教えて!! 魔法のLyric	STD	MAS	11.7
おちゃめ機能	STD	MAS	12.7
BAD∞END∞NIGHT	STD	BAS	4
おちゃめ機能	STD	BAS	4
BAD∞END∞NIGHT	STD	ADV	7.7
おちゃめ機能	STD	ADV	7
BAD∞END∞NIGHT	STD	EXP	9.7
BAD∞END∞NIGHT	STD	MAS	13
ロミオとシンデレラ	STD	BAS	5
おちゃめ機能	STD	EXP	8
ロミオとシンデレラ	STD	ADV	7.7
ロミオとシンデレラ	STD	EXP	10
ロミオとシンデレラ	STD	MAS	12
ロミオとシンデレラ	STD	REM	13
ハッピーシンセサイザ	STD	BAS	4
ハッピーシンセサイザ	STD	ADV	6
ハッピーシンセサイザ	STD	MAS	11.7
ハッピーシンセサイザ	STD	EXP	8
ダンシング☆サムライ	STD	BAS	4
ダンシング☆サムライ	STD	EXP	10
ダンシング☆サムライ	STD	ADV	7
ハロ／ハワユ	STD	BAS	4
ダンシング☆サムライ	STD	MAS	12
ハロ／ハワユ	STD	ADV	5
ハロ／ハワユ	STD	EXP	8
ハロ／ハワユ	STD	MAS	11
共感覚おばけ	STD	BAS	4
共感覚おばけ	STD	EXP	9.7
共感覚おばけ	STD	ADV	6
共感覚おばけ	STD	MAS	12.7
One Step Ahead	STD	BAS	4
One Step Ahead	STD	ADV	6
Link	STD	BAS	5
One Step Ahead	STD	EXP	10
One Step Ahead	STD	MAS	12
Link	STD	EXP	9.7
Link	STD	ADV	7
Link	STD	MAS	11.7
木彫り鯰と右肩ゾンビ	STD	BAS	5
木彫り鯰と右肩ゾンビ	STD	ADV	7
木彫り鯰と右肩ゾンビ	STD	EXP	9.7
木彫り鯰と右肩ゾンビ	STD	MAS	13
バッド・ダンス・ホール	STD	BAS	4
バッド・ダンス・ホール	STD	ADV	6
バッド・ダンス・ホール	STD	EXP	10
デッドレッドガールズ	STD	BAS	4
バッド・ダンス・ホール	STD	MAS	12.7
デッドレッドガールズ	STD	ADV	7.7
デッドレッドガールズ	STD	EXP	9.7
林檎華憐歌	STD	BAS	4
林檎華憐歌	STD	ADV	6
デッドレッドガールズ	STD	MAS	13.7
林檎華憐歌	STD	MAS	11.7
ないせんのうた	STD	BAS	4
林檎華憐歌	STD	EXP	10
ないせんのうた	STD	ADV	6
ないせんのうた	STD	EXP	9.7
ないせんのうた	STD	MAS	11.7
電話革命ナイセン	DX	BAS	3
電話革命ナイセン	DX	EXP	8
電話革命ナイセン	DX	ADV	6
電話革命ナイセン	DX	MAS	12
イヤホンロマンス	DX	ADV	6
イヤホンロマンス	DX	BAS	2
イヤホンロマンス	DX	MAS	12.7
イヤホンロマンス	DX	EXP	9.5
響け！CHIREI MY WAY!	DX	ADV	7
響け！CHIREI MY WAY!	DX	BAS	3
響け！CHIREI MY WAY!	DX	EXP	9
響け！CHIREI MY WAY!	DX	MAS	12.7
神々が恋した幻想郷	DX	ADV	7
神々が恋した幻想郷	DX	BAS	3
神々が恋した幻想郷	DX	MAS	13.3
神々が恋した幻想郷	DX	EXP	10.7
幻想に咲いた花	DX	ADV	7
幻想に咲いた花	DX	BAS	4
幻想に咲いた花	DX	MAS	12.9
幻想に咲いた花	DX	EXP	9.7
マツヨイナイトバグ	DX	BAS	5
マツヨイナイトバグ	DX	ADV	7.7
マツヨイナイトバグ	DX	MAS	13.8
マツヨイナイトバグ	DX	EXP	10.7
Sweets Time	DX	BAS	3
Sweets Time	DX	ADV	6
Sweets Time	DX	EXP	10
Sweets Time	DX	MAS	13
紅星ミゼラブル～廃憶編	DX	BAS	3
紅星ミゼラブル～廃憶編	DX	ADV	6
紅星ミゼラブル～廃憶編	DX	EXP	10
紅星ミゼラブル～廃憶編	DX	MAS	13.2
ロストワードクロニカル	DX	BAS	4
ロストワードクロニカル	DX	ADV	7
ロストワードクロニカル	DX	MAS	13.2
ロストワードクロニカル	DX	EXP	10
悪戯センセーション	DX	BAS	4
悪戯センセーション	DX	ADV	7.7
悪戯センセーション	DX	EXP	9.7
悪戯センセーション	DX	MAS	12.7
全力ハッピーライフ	DX	BAS	5
全力ハッピーライフ	DX	ADV	7
全力ハッピーライフ	DX	MAS	12.8
全力ハッピーライフ	DX	EXP	10
物凄いヴァイブスで魔理沙が物凄いラップ	DX	BAS	4
物凄いヴァイブスで魔理沙が物凄いラップ	DX	ADV	7
物凄いヴァイブスで魔理沙が物凄いラップ	DX	EXP	9.7
アマノジャクリバース feat. ｙｔｒ	STD	BAS	4
物凄いヴァイブスで魔理沙が物凄いラップ	DX	MAS	13.4
アマノジャクリバース feat. ｙｔｒ	STD	ADV	7
アマノジャクリバース feat. ｙｔｒ	STD	EXP	10
アマノジャクリバース feat. ｙｔｒ	STD	MAS	13.8
天狗の落とし文 feat. ｙｔｒ	STD	BAS	4
天狗の落とし文 feat. ｙｔｒ	STD	EXP	10.7
天狗の落とし文 feat. ｙｔｒ	STD	MAS	12
天狗の落とし文 feat. ｙｔｒ	STD	ADV	6
今、誰が為のかがり火へ	DX	BAS	3
今、誰が為のかがり火へ	DX	ADV	6
今、誰が為のかがり火へ	DX	EXP	8.7
今、誰が為のかがり火へ	DX	MAS	12
泡沫、哀のまほろば	STD	BAS	4
泡沫、哀のまほろば	STD	ADV	6
泡沫、哀のまほろば	STD	EXP	9
泡沫、哀のまほろば	STD	MAS	11.7
華鳥風月	STD	ADV	5
華鳥風月	STD	BAS	3
華鳥風月	STD	EXP	8.7
華鳥風月	STD	MAS	12
月に叢雲華に風	DX	ADV	6
月に叢雲華に風	DX	BAS	2
月に叢雲華に風	DX	MAS	12
月に叢雲華に風	DX	EXP	9
月に叢雲華に風	STD	BAS	4
月に叢雲華に風	STD	ADV	6
月に叢雲華に風	STD	EXP	9
月に叢雲華に風	STD	MAS	12.7
色は匂へど散りぬるを	STD	BAS	3
色は匂へど散りぬるを	STD	ADV	6
色は匂へど散りぬるを	STD	EXP	8.7
色は匂へど散りぬるを	STD	MAS	12
トランスダンスアナーキー	DX	BAS	4
トランスダンスアナーキー	DX	ADV	7.7
トランスダンスアナーキー	DX	EXP	10.7
トランスダンスアナーキー	DX	MAS	13.3
Oath Act	DX	BAS	3
Oath Act	DX	ADV	6
Oath Act	DX	EXP	9.7
Oath Act	DX	MAS	12
Money Money	STD	BAS	4
Money Money	STD	EXP	9.7
Money Money	STD	ADV	6
Money Money	STD	MAS	12.7
LOVE EAST	STD	BAS	4
LOVE EAST	STD	ADV	6
LOVE EAST	STD	EXP	9.7
LOVE EAST	STD	MAS	12
WARNING×WARNING×WARNING	DX	BAS	3
WARNING×WARNING×WARNING	DX	EXP	9.7
WARNING×WARNING×WARNING	DX	ADV	7
WARNING×WARNING×WARNING	DX	MAS	11.7
WARNING×WARNING×WARNING	STD	ADV	7
WARNING×WARNING×WARNING	STD	BAS	4
WARNING×WARNING×WARNING	STD	EXP	9.7
下克上々	DX	EXP	10
WARNING×WARNING×WARNING	STD	MAS	11.7
下克上々	DX	MAS	13
ソリッド	DX	BAS	4
ソリッド	DX	ADV	7.7
ソリッド	DX	EXP	10.7
ソリッド	DX	MAS	13.5
下克上々	DX	BAS	3
隠然	STD	BAS	5
隠然	STD	ADV	7.7
隠然	STD	EXP	10
下克上々	DX	ADV	6
隠然	STD	MAS	11.7
隠然	STD	REM	12.9
みんなの	STD	BAS	4
みんなの	STD	EXP	9
みんなの	STD	ADV	6
みんなの	STD	MAS	11.7
幻想のサテライト	DX	BAS	4
幻想のサテライト	DX	ADV	7.7
幻想のサテライト	DX	EXP	10
幻想のサテライト	DX	MAS	13.6
幻想のサテライト	STD	BAS	4
幻想のサテライト	STD	EXP	10
幻想のサテライト	STD	ADV	7
幻想のサテライト	STD	MAS	13.7
待チ人ハ来ズ。	STD	BAS	4
待チ人ハ来ズ。	STD	ADV	6
待チ人ハ来ズ。	STD	EXP	8.7
待チ人ハ来ズ。	STD	MAS	12.7
響縁	STD	BAS	4
響縁	STD	ADV	6
響縁	STD	EXP	8.7
響縁	STD	MAS	12.7
囲い無き世は一期の月影	STD	ADV	7
囲い無き世は一期の月影	STD	BAS	5
囲い無き世は一期の月影	STD	EXP	9.7
囲い無き世は一期の月影	STD	MAS	11.7
儚きもの人間	STD	BAS	5
儚きもの人間	STD	ADV	7.7
儚きもの人間	STD	EXP	9.7
儚きもの人間	STD	MAS	13.6
Melody！	DX	BAS	3
Melody！	DX	ADV	6
Melody！	DX	EXP	9.7
永遠のメロディ	STD	BAS	4
Melody！	DX	MAS	12
永遠のメロディ	STD	ADV	6
永遠のメロディ	STD	EXP	9
永遠のメロディ	STD	MAS	11.7
オーディエンスを沸かす程度の能力 feat.タイツォン	STD	BAS	4
オーディエンスを沸かす程度の能力 feat.タイツォン	STD	ADV	7
オーディエンスを沸かす程度の能力 feat.タイツォン	STD	EXP	9
オーディエンスを沸かす程度の能力 feat.タイツォン	STD	MAS	13.7
Sweet Requiem	DX	BAS	4
Sweet Requiem	DX	ADV	7.7
Sweet Requiem	DX	MAS	13.7
Sweet Requiem	DX	EXP	10.7
taboo tears you up	DX	BAS	4
taboo tears you up	DX	ADV	7.7
taboo tears you up	DX	EXP	10.7
taboo tears you up	DX	MAS	13.9
taboo tears you up	STD	ADV	7
taboo tears you up	STD	BAS	5
taboo tears you up	STD	EXP	10
taboo tears you up	STD	MAS	12.9
Dive into The Sky ～initialized～	DX	BAS	4
Dive into The Sky ～initialized～	DX	ADV	6
Dive into The Sky ～initialized～	DX	EXP	9
Drive Your Fire	DX	BAS	4
Dive into The Sky ～initialized～	DX	MAS	12.7
Drive Your Fire	DX	ADV	6
Drive Your Fire	DX	EXP	9.7
Drive Your Fire	DX	MAS	12.7
White Traveling Girl	STD	BAS	4
White Traveling Girl	STD	ADV	6
White Traveling Girl	STD	EXP	9.7
White Traveling Girl	STD	MAS	12.9
No Routine	STD	BAS	5
No Routine	STD	ADV	6
No Routine	STD	EXP	10
No Routine	STD	MAS	12.9
Scream out! -maimai SONIC WASHER Edit-	DX	BAS	4
Scream out! -maimai SONIC WASHER Edit-	DX	EXP	11
Scream out! -maimai SONIC WASHER Edit-	DX	ADV	7
Scream out! -maimai SONIC WASHER Edit-	DX	MAS	13.6
Scream out! -maimai SONIC WASHER Edit-	STD	BAS	5
Scream out! -maimai SONIC WASHER Edit-	STD	ADV	7.7
Scream out! -maimai SONIC WASHER Edit-	STD	EXP	12
絡繰りドール	DX	BAS	4
Scream out! -maimai SONIC WASHER Edit-	STD	MAS	13.9
絡繰りドール	DX	ADV	6
絡繰りドール	DX	EXP	9
不思議の国のクリスマス	STD	BAS	4
絡繰りドール	DX	MAS	12.7
不思議の国のクリスマス	STD	EXP	8.7
不思議の国のクリスマス	STD	ADV	5
不思議の国のクリスマス	STD	MAS	12.8
INFINITE WORLD	STD	BAS	4
INFINITE WORLD	STD	ADV	7
INFINITE WORLD	STD	EXP	9.7
INFINITE WORLD	STD	MAS	11.7
Grip & Break down !!	STD	BAS	4
Grip & Break down !!	STD	ADV	6
Grip & Break down !!	STD	EXP	8.7
Grip & Break down !!	STD	MAS	12.8
Cosmic Magic Shooter	STD	BAS	4
Cosmic Magic Shooter	STD	ADV	7
Cosmic Magic Shooter	STD	EXP	9.7
しゅわスパ大作戦☆	STD	BAS	5
Cosmic Magic Shooter	STD	MAS	13.6
しゅわスパ大作戦☆	STD	ADV	6
しゅわスパ大作戦☆	STD	EXP	8.7
全人類ノ非想天則	STD	BAS	4
しゅわスパ大作戦☆	STD	MAS	12
全人類ノ非想天則	STD	EXP	9
全人類ノ非想天則	STD	ADV	7
全人類ノ非想天則	STD	MAS	12.7
Bad Apple!! feat.nomico (REDALiCE Remix)	DX	BAS	4
Bad Apple!! feat.nomico (REDALiCE Remix)	DX	ADV	7
Bad Apple!! feat.nomico (REDALiCE Remix)	DX	EXP	10
Bad Apple!! feat.nomico (REDALiCE Remix)	DX	MAS	12
Bad Apple!! feat nomico	STD	BAS	4
Bad Apple!! feat nomico	STD	EXP	9
Bad Apple!! feat nomico	STD	ADV	6
Bad Apple!! feat nomico	STD	REM	12.8
Bad Apple!! feat nomico	STD	MAS	11.7
ナイト・オブ・ナイツ (Cranky Remix)	DX	BAS	4
ナイト・オブ・ナイツ (Cranky Remix)	DX	ADV	7
ナイト・オブ・ナイツ (Cranky Remix)	DX	EXP	10
ナイト・オブ・ナイツ (Cranky Remix)	DX	MAS	13.2
ナイト・オブ・ナイツ	STD	BAS	4
ナイト・オブ・ナイツ	STD	ADV	7
ナイト・オブ・ナイツ	STD	EXP	10.7
ナイト・オブ・ナイツ	STD	MAS	12.8
ナイト・オブ・ナイツ	STD	REM	14.3
疾走あんさんぶる	STD	BAS	5
疾走あんさんぶる	STD	ADV	7.7
疾走あんさんぶる	STD	EXP	10.7
サドマミホリック	STD	BAS	5
疾走あんさんぶる	STD	MAS	13.4
サドマミホリック	STD	ADV	7.7
サドマミホリック	STD	EXP	10
サドマミホリック	STD	REM	12.8
サドマミホリック	STD	MAS	11.7
最終鬼畜妹フランドール・S	STD	BAS	4
最終鬼畜妹フランドール・S	STD	ADV	7
最終鬼畜妹フランドール・S	STD	EXP	10
最終鬼畜妹フランドール・S	STD	MAS	11
最終鬼畜妹・一部声	STD	BAS	5
最終鬼畜妹フランドール・S	STD	REM	13.7
最終鬼畜妹・一部声	STD	ADV	7
最終鬼畜妹・一部声	STD	EXP	11
Help me, ERINNNNNN!!	STD	BAS	5
最終鬼畜妹・一部声	STD	MAS	13.8
Help me, ERINNNNNN!!	STD	ADV	6
Help me, ERINNNNNN!!	STD	EXP	10
Help me, ERINNNNNN!!	STD	MAS	11.7
最速最高シャッターガール	STD	BAS	3
最速最高シャッターガール	STD	EXP	9.7
最速最高シャッターガール	STD	ADV	7
最速最高シャッターガール	STD	MAS	12
ウサテイ	STD	ADV	6
ウサテイ	STD	EXP	9.7
ウサテイ	STD	BAS	5
ウサテイ	STD	MAS	13.6
クレイジークレイジーダンサーズ	STD	BAS	4
クレイジークレイジーダンサーズ	STD	ADV	7
クレイジークレイジーダンサーズ	STD	EXP	9.7
クレイジークレイジーダンサーズ	STD	MAS	11
クレイジークレイジーダンサーズ	STD	REM	12.8
Yet Another ”drizzly rain”	STD	BAS	4
Yet Another ”drizzly rain”	STD	EXP	9
Yet Another ”drizzly rain”	STD	ADV	6
Yet Another ”drizzly rain”	STD	MAS	12
シアワセうさぎ	STD	BAS	4
シアワセうさぎ	STD	ADV	6
シアワセうさぎ	STD	MAS	10
シアワセうさぎ	STD	EXP	7.7
チルノのパーフェクトさんすう教室　⑨周年バージョン	DX	BAS	4
チルノのパーフェクトさんすう教室　⑨周年バージョン	DX	ADV	7
チルノのパーフェクトさんすう教室　⑨周年バージョン	DX	EXP	9
チルノのパーフェクトさんすう教室　⑨周年バージョン	DX	MAS	12.8
チルノのパーフェクトさんすう教室　⑨周年バージョン	STD	BAS	5
チルノのパーフェクトさんすう教室　⑨周年バージョン	STD	ADV	7
チルノのパーフェクトさんすう教室　⑨周年バージョン	STD	EXP	9.7
チルノのパーフェクトさんすう教室	STD	BAS	4
チルノのパーフェクトさんすう教室　⑨周年バージョン	STD	MAS	13.1
チルノのパーフェクトさんすう教室	STD	ADV	6
チルノのパーフェクトさんすう教室	STD	EXP	9
チルノのパーフェクトさんすう教室	STD	MAS	12
魔理沙は大変なものを盗んでいきました	STD	BAS	4
魔理沙は大変なものを盗んでいきました	STD	ADV	6
魔理沙は大変なものを盗んでいきました	STD	EXP	8
魔理沙は大変なものを盗んでいきました	STD	MAS	12.8
患部で止まってすぐ溶ける～狂気の優曇華院	DX	ADV	7.7
患部で止まってすぐ溶ける～狂気の優曇華院	DX	BAS	3
患部で止まってすぐ溶ける～狂気の優曇華院	DX	MAS	13.5
患部で止まってすぐ溶ける～狂気の優曇華院	DX	EXP	11
患部で止まってすぐ溶ける～狂気の優曇華院	STD	BAS	4
患部で止まってすぐ溶ける～狂気の優曇華院	STD	ADV	7
患部で止まってすぐ溶ける～狂気の優曇華院	STD	EXP	9.7
患部で止まってすぐ溶ける～狂気の優曇華院	STD	MAS	13.4
患部で止まってすぐ溶ける～狂気の優曇華院	STD	REM	14
究極焼肉レストラン！お燐の地獄亭！	STD	BAS	4
究極焼肉レストラン！お燐の地獄亭！	STD	ADV	6
究極焼肉レストラン！お燐の地獄亭！	STD	EXP	9.7
お嫁にしなさいっ！	STD	BAS	4
究極焼肉レストラン！お燐の地獄亭！	STD	MAS	12
お嫁にしなさいっ！	STD	ADV	6
お嫁にしなさいっ！	STD	EXP	9.7
お嫁にしなさいっ！	STD	MAS	12
キャプテン・ムラサのケツアンカー	STD	BAS	4
キャプテン・ムラサのケツアンカー	STD	ADV	6
キャプテン・ムラサのケツアンカー	STD	EXP	10
キャプテン・ムラサのケツアンカー	STD	MAS	12.9
ひれ伏せ愚民どもっ！	STD	BAS	4
ひれ伏せ愚民どもっ！	STD	ADV	7
ひれ伏せ愚民どもっ！	STD	EXP	9.7
げきオコスティックファイナリアリティぷんぷんマスタースパーク	DX	BAS	4
ひれ伏せ愚民どもっ！	STD	MAS	12.8
げきオコスティックファイナリアリティぷんぷんマスタースパーク	DX	ADV	7
げきオコスティックファイナリアリティぷんぷんマスタースパーク	DX	EXP	10
げきオコスティックファイナリアリティぷんぷんマスタースパーク	DX	MAS	12.8
【東方ニコカラ】秘神マターラ feat.魂音泉【IOSYS】	STD	ADV	7
【東方ニコカラ】秘神マターラ feat.魂音泉【IOSYS】	STD	BAS	4
【東方ニコカラ】秘神マターラ feat.魂音泉【IOSYS】	STD	EXP	10.7
【東方ニコカラ】秘神マターラ feat.魂音泉【IOSYS】	STD	MAS	12.9
Club Ibuki in Break All	STD	EXP	10
Club Ibuki in Break All	STD	BAS	5
Club Ibuki in Break All	STD	ADV	7
Club Ibuki in Break All	STD	MAS	12.8
sweet little sister	STD	BAS	4
sweet little sister	STD	ADV	6
sweet little sister	STD	EXP	9.7
sweet little sister	STD	MAS	12.8
ケロ⑨destiny	STD	BAS	4
ケロ⑨destiny	STD	ADV	6
ケロ⑨destiny	STD	EXP	9.7
ケロ⑨destiny	STD	MAS	12
Phantasm Brigade	STD	ADV	7
Phantasm Brigade	STD	BAS	5
Phantasm Brigade	STD	EXP	10
Phantasm Brigade	STD	MAS	12.9
蒼空に舞え、墨染の桜	STD	BAS	4
蒼空に舞え、墨染の桜	STD	EXP	10
蒼空に舞え、墨染の桜	STD	MAS	12.9
フラグメンツ -T.V. maimai edit-	STD	BAS	4
蒼空に舞え、墨染の桜	STD	ADV	6
フラグメンツ -T.V. maimai edit-	STD	ADV	5
フラグメンツ -T.V. maimai edit-	STD	EXP	8.7
橙の幻想郷音頭	STD	ADV	6
フラグメンツ -T.V. maimai edit-	STD	MAS	12
橙の幻想郷音頭	STD	BAS	4
橙の幻想郷音頭	STD	EXP	10
橙の幻想郷音頭	STD	MAS	12.8
Starlight Dance Floor	STD	BAS	4
Starlight Dance Floor	STD	ADV	6
Starlight Dance Floor	STD	EXP	9
Starlight Dance Floor	STD	MAS	11.7
神々の祈り	STD	BAS	3
神々の祈り	STD	ADV	6
神々の祈り	STD	EXP	8
神々の祈り	STD	MAS	12
願いを呼ぶ季節	STD	BAS	4
願いを呼ぶ季節	STD	ADV	6
願いを呼ぶ季節	STD	MAS	12
願いを呼ぶ季節	STD	EXP	9
明星ロケット	STD	BAS	4
明星ロケット	STD	MAS	11.7
明星ロケット	STD	ADV	6
明星ロケット	STD	EXP	9
明星ロケット	STD	REM	12
緋色のDance	STD	BAS	4
緋色のDance	STD	ADV	6
緋色のDance	STD	EXP	9.7
緋色のDance	STD	MAS	12.8
YU-MU	STD	BAS	4
緋色のDance	STD	REM	13.7
YU-MU	STD	ADV	6
YU-MU	STD	EXP	9.7
YU-MU	STD	MAS	12.7
宿題が終わらないっ！	STD	BAS	4
宿題が終わらないっ！	STD	ADV	6
宿題が終わらないっ！	STD	EXP	9
宿題が終わらないっ！	STD	MAS	12
東方スイーツ！～鬼畜姉妹と受難メイド～	STD	BAS	4
東方スイーツ！～鬼畜姉妹と受難メイド～	STD	ADV	6
東方スイーツ！～鬼畜姉妹と受難メイド～	STD	EXP	9.7
東方スイーツ！～鬼畜姉妹と受難メイド～	STD	MAS	12.7
少女幻葬戦慄曲 ～ Necro Fantasia	STD	BAS	5
少女幻葬戦慄曲 ～ Necro Fantasia	STD	ADV	7
少女幻葬戦慄曲 ～ Necro Fantasia	STD	EXP	9.7
少女幻葬戦慄曲 ～ Necro Fantasia	STD	MAS	13.6
妖精村の月誕祭 ～Lunate Elf	STD	BAS	4
妖精村の月誕祭 ～Lunate Elf	STD	ADV	6
妖精村の月誕祭 ～Lunate Elf	STD	EXP	9
ってゐ！ ～えいえんてゐVer～	STD	BAS	4
妖精村の月誕祭 ～Lunate Elf	STD	MAS	13
ってゐ！ ～えいえんてゐVer～	STD	ADV	6
ってゐ！ ～えいえんてゐVer～	STD	EXP	8.7
ってゐ！ ～えいえんてゐVer～	STD	MAS	12
ってゐ！ ～えいえんてゐVer～	STD	REM	12.7
東方妖々夢 ～the maximum moving about～	STD	BAS	5
東方妖々夢 ～the maximum moving about～	STD	ADV	7
東方妖々夢 ～the maximum moving about～	STD	EXP	8.7
東方妖々夢 ～the maximum moving about～	STD	MAS	12.8
物凄い勢いでけーねが物凄いうた	STD	BAS	4
物凄い勢いでけーねが物凄いうた	STD	ADV	6
物凄い勢いでけーねが物凄いうた	STD	EXP	8.7
物凄い勢いでけーねが物凄いうた	STD	MAS	12
進捗どうですか？	STD	ADV	7.7
進捗どうですか？	STD	BAS	5
進捗どうですか？	STD	EXP	10
進捗どうですか？	STD	MAS	13.2
ハウリング	DX	ADV	7
ハウリング	DX	BAS	3
ハウリング	DX	EXP	9.7
Prismatic	DX	BAS	3
ハウリング	DX	MAS	12.7
Prismatic	DX	ADV	7
Prismatic	DX	EXP	9
Prismatic	DX	MAS	12
Paranoia	DX	ADV	7
Paranoia	DX	BAS	4
Paranoia	DX	EXP	9
Paranoia	DX	MAS	12.7
CYBER Sparks	STD	BAS	5
CYBER Sparks	STD	ADV	7
CYBER Sparks	STD	REM	13.7
CYBER Sparks	STD	MAS	11.7
CYBER Sparks	STD	EXP	10.7
wheel	DX	BAS	4
wheel	DX	ADV	6
wheel	DX	MAS	12.8
wheel	DX	EXP	9
Witches night	DX	ADV	6
Witches night	DX	BAS	4
Witches night	DX	EXP	9
Witches night	DX	MAS	12
Starlight Vision	STD	BAS	4
Starlight Vision	STD	ADV	7
Starlight Vision	STD	EXP	10
Starlight Vision	STD	MAS	12
幽闇に目醒めしは	STD	BAS	3
幽闇に目醒めしは	STD	ADV	6
幽闇に目醒めしは	STD	EXP	9.7
幽闇に目醒めしは	STD	MAS	12.8
Endless, Sleepless Night	STD	ADV	7
Endless, Sleepless Night	STD	BAS	4
Endless, Sleepless Night	STD	EXP	9.7
Endless, Sleepless Night	STD	MAS	13
エテルニタス・ルドロジー	STD	ADV	6
エテルニタス・ルドロジー	STD	BAS	4
エテルニタス・ルドロジー	STD	EXP	10
エテルニタス・ルドロジー	STD	MAS	13.4
エピクロスの虹はもう見えない	STD	BAS	4
エピクロスの虹はもう見えない	STD	ADV	6
エピクロスの虹はもう見えない	STD	EXP	8.7
エピクロスの虹はもう見えない	STD	MAS	11
エピクロスの虹はもう見えない	STD	REM	12.7
四次元跳躍機関	STD	BAS	4
四次元跳躍機関	STD	ADV	6
四次元跳躍機関	STD	EXP	9.7
Jimang Shot	STD	BAS	4
Jimang Shot	STD	ADV	6
四次元跳躍機関	STD	MAS	12.9
Jimang Shot	STD	EXP	9
Jimang Shot	STD	MAS	12.8
ネクロファンタジア～Arr.Demetori	STD	BAS	4
ネクロファンタジア～Arr.Demetori	STD	ADV	7
ネクロファンタジア～Arr.Demetori	STD	EXP	10.7
ネクロファンタジア～Arr.Demetori	STD	MAS	13.7
Doll Judgment	STD	BAS	4
Doll Judgment	STD	ADV	7.7
Doll Judgment	STD	EXP	11
Doll Judgment	STD	MAS	13.7
進め！イッスン軍団 -Rebellion of the Dwarfs-	STD	BAS	5
進め！イッスン軍団 -Rebellion of the Dwarfs-	STD	ADV	7.7
進め！イッスン軍団 -Rebellion of the Dwarfs-	STD	EXP	10
進め！イッスン軍団 -Rebellion of the Dwarfs-	STD	MAS	13.1
Little "Sister" Bitch	DX	BAS	5
Little "Sister" Bitch	DX	ADV	7.7
Little "Sister" Bitch	DX	EXP	11
Little "Sister" Bitch	DX	MAS	13.5
Yakumo >>JOINT STRUGGLE (2019 Update)	DX	BAS	4
Yakumo >>JOINT STRUGGLE (2019 Update)	DX	ADV	7.7
Yakumo >>JOINT STRUGGLE (2019 Update)	DX	MAS	13.8
Yakumo >>JOINT STRUGGLE (2019 Update)	DX	EXP	11
Imperishable Night 2006 (2016 Refine)	STD	BAS	5
Imperishable Night 2006 (2016 Refine)	STD	ADV	7.7
Imperishable Night 2006 (2016 Refine)	STD	EXP	11
Imperishable Night 2006 (2016 Refine)	STD	MAS	13.8
Calamity Fortune	DX	BAS	5
Calamity Fortune	DX	ADV	8
Calamity Fortune	DX	EXP	11
Calamity Fortune	DX	MAS	13.5
Calamity Fortune	STD	BAS	6
Calamity Fortune	STD	ADV	8
Calamity Fortune	STD	EXP	11.7
Calamity Fortune	STD	MAS	14.1
もうみんなしねばいいのに	STD	BAS	5
もうみんなしねばいいのに	STD	ADV	7
もうみんなしねばいいのに	STD	EXP	11.7
もうみんなしねばいいのに	STD	MAS	13.8
さんさーら！	DX	BAS	3
さんさーら！	DX	EXP	8.8
Southern Cross	DX	BAS	4
さんさーら！	DX	MAS	12.9
さんさーら！	DX	ADV	6
Southern Cross	DX	ADV	7
Southern Cross	DX	EXP	10.7
Southern Cross	DX	REM	13.9
ヒステリックナイトガール	DX	BAS	4
Southern Cross	DX	MAS	13.2
ヒステリックナイトガール	DX	EXP	9.7
ヒステリックナイトガール	DX	ADV	7
ヒステリックナイトガール	DX	MAS	12.8
Upshift	DX	BAS	4
Upshift	DX	EXP	11
Upshift	DX	ADV	8
Upshift	DX	MAS	13.8
MOBILYS	DX	BAS	4
MOBILYS	DX	EXP	10
MOBILYS	DX	ADV	7.7
MOBILYS	DX	MAS	13
竹	DX	BAS	5
竹	DX	EXP	11.8
竹	DX	ADV	8.7
竹	DX	MAS	13.9
スーパーシンメトリー	DX	BAS	5
スーパーシンメトリー	DX	EXP	12
スーパーシンメトリー	DX	ADV	8
スーパーシンメトリー	DX	MAS	13.9
キラメキ居残り大戦争	DX	BAS	5
キラメキ居残り大戦争	DX	ADV	7
キラメキ居残り大戦争	DX	EXP	10.7
キラメキ居残り大戦争	DX	MAS	13.2
ベースラインやってる？笑	DX	BAS	4
ベースラインやってる？笑	DX	ADV	7.7
Grievous Lady	DX	BAS	5
ベースラインやってる？笑	DX	MAS	13.2
ベースラインやってる？笑	DX	EXP	11
Grievous Lady	DX	ADV	8
Grievous Lady	DX	EXP	12
Grievous Lady	DX	MAS	14.1
Ether Strike	DX	BAS	4
Ether Strike	DX	ADV	7.7
Ether Strike	DX	EXP	10.7
Ether Strike	DX	MAS	13.9
Cyaegha	DX	BAS	5
Cyaegha	DX	EXP	11
Cyaegha	DX	MAS	13.5
Cyaegha	DX	ADV	7.7
Entrance	DX	BAS	5
Entrance	DX	ADV	8
Entrance	DX	EXP	11
Entrance	DX	MAS	13.7
Lunar Mare	DX	BAS	6
Lunar Mare	DX	ADV	8
Lunar Mare	DX	EXP	11
Lunar Mare	DX	MAS	13.8
Saika	DX	ADV	7.7
Saika	DX	BAS	4
Saika	DX	EXP	10
Saika	DX	MAS	12.7
CHAOS	DX	BAS	6
CHAOS	DX	ADV	7.7
CHAOS	DX	MAS	13.9
CHAOS	DX	EXP	11.7
Maboroshi	DX	BAS	5
Maboroshi	DX	ADV	7.7
Maboroshi	DX	MAS	14.2
Maboroshi	DX	EXP	11
Lost Princess	STD	BAS	4
Lost Princess	STD	ADV	6
Lost Princess	STD	MAS	10
Lost Princess	STD	REM	12
Lost Princess	STD	EXP	9
キミとボクのミライ	STD	BAS	4
キミとボクのミライ	STD	ADV	7
キミとボクのミライ	STD	EXP	9
キミとボクのミライ	STD	MAS	10
キミとボクのミライ	STD	REM	12
アリサのテーマ	STD	ADV	6
アリサのテーマ	STD	BAS	4
アリサのテーマ	STD	EXP	10
アリサのテーマ	STD	MAS	13.5
FLOWER	STD	BAS	5
FLOWER	STD	ADV	7
FLOWER	STD	MAS	13.8
FLOWER	STD	EXP	11
Scars of FAUNA	STD	BAS	5
Scars of FAUNA	STD	ADV	7
Scars of FAUNA	STD	EXP	10
Scars of FAUNA	STD	MAS	13.7
極圏	STD	BAS	6
極圏	STD	ADV	8.7
極圏	STD	EXP	11.7
極圏	STD	MAS	14.4
きたさいたま2000	STD	ADV	7.7
きたさいたま2000	STD	BAS	5
きたさいたま2000	STD	MAS	14.2
きたさいたま2000	STD	EXP	12.8
Ignis Danse	STD	ADV	7
Ignis Danse	STD	BAS	5
Ignis Danse	STD	MAS	14.4
Ignis Danse	STD	EXP	12
夜明けまであと３秒	STD	BAS	6
夜明けまであと３秒	STD	ADV	8
夜明けまであと３秒	STD	MAS	13.9
夜明けまであと３秒	STD	EXP	12
セイクリッド　ルイン	STD	BAS	6
セイクリッド　ルイン	STD	ADV	8.7
セイクリッド　ルイン	STD	MAS	13.8
セイクリッド　ルイン	STD	EXP	11
Got more raves？	STD	BAS	5
Got more raves？	STD	ADV	8
Got more raves？	STD	EXP	11.7
FUJIN Rumble	STD	BAS	5
Got more raves？	STD	MAS	13.9
FUJIN Rumble	STD	ADV	7.7
FUJIN Rumble	STD	EXP	10.7
FUJIN Rumble	STD	MAS	14.5
Scarlet Lance	STD	ADV	8
Scarlet Lance	STD	BAS	6
Scarlet Lance	STD	EXP	12
BATTLE NO.1	DX	BAS	6
Scarlet Lance	STD	MAS	14.1
BATTLE NO.1	DX	EXP	12
BATTLE NO.1	DX	ADV	8
ヒミツCULT	DX	BAS	4
BATTLE NO.1	DX	MAS	14.4
ヒミツCULT	DX	EXP	11
ヒミツCULT	DX	ADV	8
ヒミツCULT	DX	MAS	13.7
ALiVE	DX	BAS	4
ALiVE	DX	ADV	7.7
ALiVE	DX	EXP	10.7
ALiVE	DX	MAS	13.1
MEGATON KICK	DX	BAS	5
MEGATON KICK	DX	ADV	8.7
MEGATON KICK	DX	EXP	11.7
Big Daddy	DX	BAS	5
MEGATON KICK	DX	MAS	14.1
Big Daddy	DX	ADV	8.7
Big Daddy	DX	EXP	12
Big Daddy	DX	MAS	13.8
LOSE CONTROL	DX	BAS	4
LOSE CONTROL	DX	ADV	7.7
LOSE CONTROL	DX	EXP	12
LOSE CONTROL	DX	MAS	13.5
Strange Bar	DX	BAS	3
CO5M1C R4ILR0AD	DX	BAS	5
CO5M1C R4ILR0AD	DX	ADV	8
Strange Bar	DX	ADV	7.7
CO5M1C R4ILR0AD	DX	EXP	11.7
CO5M1C R4ILR0AD	DX	MAS	14.3
Strange Bar	DX	MAS	13.8
MAKE IT FUNKY NOW	DX	BAS	5
MAKE IT FUNKY NOW	DX	EXP	11
MAKE IT FUNKY NOW	DX	ADV	7.7
MAKE IT FUNKY NOW	DX	MAS	13.7
Rush-More	DX	BAS	4
Rush-More	DX	ADV	7.7
Rush-More	DX	EXP	10.7
Rush-More	DX	MAS	13.5
Strange Bar	DX	EXP	10.7
Re：End of a Dream	DX	BAS	5
Re：End of a Dream	DX	ADV	8
Re：End of a Dream	DX	EXP	12
Re：End of a Dream	DX	MAS	14.4
もぺもぺ	DX	BAS	4
もぺもぺ	DX	ADV	8
もぺもぺ	DX	MAS	13.9
もぺもぺ	DX	EXP	12
Sound Chimera	DX	BAS	5
Sound Chimera	DX	ADV	8
Sound Chimera	DX	EXP	12
Sound Chimera	DX	MAS	13.8
felys -final remix-	DX	BAS	3
felys -final remix-	DX	MAS	14.3
felys -final remix-	DX	EXP	10.7
Arty Party	DX	BAS	5
felys -final remix-	DX	ADV	7.7
Arty Party	DX	ADV	8
Arty Party	DX	MAS	13.9
Arty Party	DX	EXP	11.7
カラッポ・ノンフィクション	DX	BAS	4
カラッポ・ノンフィクション	DX	ADV	7
カラッポ・ノンフィクション	DX	EXP	10
カラッポ・ノンフィクション	DX	MAS	13.3
c.s.q.n.	DX	BAS	5
c.s.q.n.	DX	EXP	11
c.s.q.n.	DX	ADV	7.7
c.s.q.n.	DX	MAS	13.8
emomomo	DX	BAS	4
emomomo	DX	EXP	10.7
emomomo	DX	ADV	7
emomomo	DX	MAS	13.7
アトロポスと最果の探究者	DX	BAS	5
アトロポスと最果の探究者	DX	ADV	7
アトロポスと最果の探究者	DX	EXP	10.7
energy trixxx	DX	BAS	5
アトロポスと最果の探究者	DX	MAS	13.7
energy trixxx	DX	ADV	7
energy trixxx	DX	EXP	11
energy trixxx	DX	MAS	13.8
NULCTRL	DX	BAS	4
NULCTRL	DX	EXP	12
NULCTRL	DX	ADV	7.7
NULCTRL	DX	MAS	13.9
Black Lair	DX	BAS	5
Black Lair	DX	EXP	11
Black Lair	DX	MAS	13.8
プナイプナイせんそう	DX	BAS	5
Black Lair	DX	ADV	8
プナイプナイせんそう	DX	ADV	8
プナイプナイせんそう	DX	EXP	11.7
プナイプナイせんそう	DX	MAS	13.7
Halcyon	DX	BAS	4
Halcyon	DX	ADV	8
Halcyon	DX	EXP	11
サンバランド	DX	BAS	2
Halcyon	DX	MAS	13.6
サンバランド	DX	EXP	10.7
サンバランド	DX	ADV	7
サンバランド	DX	MAS	12.8
End Time	STD	BAS	6
End Time	STD	ADV	8
End Time	STD	EXP	11.7
End Time	STD	MAS	14.6
Altale	STD	ADV	7.7
Altale	STD	EXP	11
Altale	STD	BAS	4
Altale	STD	MAS	13.2
Destr0yer	DX	ADV	7.7
Destr0yer	DX	EXP	11
Destr0yer	DX	BAS	4
Destr0yer	STD	BAS	5
Destr0yer	DX	MAS	12.9
Destr0yer	STD	ADV	8
Destr0yer	STD	EXP	12
Destr0yer	STD	MAS	14
L4TS:2018 (feat. あひる & KTA)	STD	BAS	4
L4TS:2018 (feat. あひる & KTA)	STD	EXP	10.7
L4TS:2018 (feat. あひる & KTA)	STD	ADV	7
L4TS:2018 (feat. あひる & KTA)	STD	MAS	12.8
B.M.S.	STD	BAS	5
B.M.S.	STD	EXP	11
B.M.S.	STD	ADV	8
B.M.S.	STD	MAS	14
ENERGY SYNERGY MATRIX	DX	BAS	5
ENERGY SYNERGY MATRIX	DX	ADV	8
ENERGY SYNERGY MATRIX	DX	EXP	11
ENERGY SYNERGY MATRIX	DX	MAS	13.5
ENERGY SYNERGY MATRIX	STD	BAS	5
ENERGY SYNERGY MATRIX	STD	ADV	7
ENERGY SYNERGY MATRIX	STD	EXP	11.7
ENERGY SYNERGY MATRIX	STD	MAS	13.8
FREEDOM DiVE (tpz Overcute Remix)	STD	BAS	6
FREEDOM DiVE (tpz Overcute Remix)	STD	ADV	8.7
FREEDOM DiVE (tpz Overcute Remix)	STD	EXP	11.7
FREEDOM DiVE (tpz Overcute Remix)	STD	MAS	13.9
Brain Power	STD	BAS	5
Brain Power	STD	ADV	7.7
Brain Power	STD	EXP	10.7
Brain Power	STD	MAS	13.1
Credits	STD	ADV	8
Credits	STD	EXP	12
Credits	STD	BAS	6
MilK	STD	BAS	4
Credits	STD	MAS	14.5
MilK	STD	MAS	13.8
MilK	STD	EXP	11
ULTRA B+K	STD	BAS	5
MilK	STD	ADV	6
ULTRA B+K	STD	EXP	10.7
ULTRA B+K	STD	ADV	7.7
ULTRA B+K	STD	MAS	13.8
GO BACK 2 YOUR RAVE	STD	BAS	5
GO BACK 2 YOUR RAVE	STD	ADV	7.7
B.B.K.K.B.K.K.	STD	ADV	8
B.B.K.K.B.K.K.	STD	BAS	5
GO BACK 2 YOUR RAVE	STD	EXP	11
B.B.K.K.B.K.K.	STD	MAS	13.9
B.B.K.K.B.K.K.	STD	EXP	11.7
魔法少女になるしかねぇ	STD	BAS	5
魔法少女になるしかねぇ	STD	ADV	8
魔法少女になるしかねぇ	STD	EXP	11
魔法少女になるしかねぇ	STD	MAS	13.9
人里に下ったアタイがいつの間にか社畜になっていた件	STD	BAS	5
人里に下ったアタイがいつの間にか社畜になっていた件	STD	EXP	12.7
人里に下ったアタイがいつの間にか社畜になっていた件	STD	ADV	8
人里に下ったアタイがいつの間にか社畜になっていた件	STD	MAS	13.9
Maxi	STD	BAS	5
Maxi	STD	ADV	8
Maxi	STD	EXP	11.7
Maxi	STD	MAS	13.8
KISS CANDY FLAVOR	STD	BAS	4
KISS CANDY FLAVOR	STD	ADV	7
KISS CANDY FLAVOR	STD	EXP	10
KISS CANDY FLAVOR	STD	MAS	13
conflict	DX	BAS	4
conflict	DX	ADV	8
conflict	DX	EXP	11
conflict	DX	MAS	13.5
conflict	STD	BAS	5
conflict	STD	ADV	7
conflict	STD	EXP	12
GO BACK 2 YOUR RAVE	STD	MAS	13.9
conflict	STD	MAS	14.1
EVERGREEN	STD	ADV	7
EVERGREEN	STD	BAS	4
EVERGREEN	STD	EXP	10.7
EVERGREEN	STD	MAS	12.8
Party 4U ”holy nite mix”	STD	ADV	7
Party 4U ”holy nite mix”	STD	BAS	5
Party 4U ”holy nite mix”	STD	EXP	10.7
Party 4U ”holy nite mix”	STD	MAS	13.7
GOODMEN	STD	ADV	7
GOODMEN	STD	BAS	5
GOODMEN	STD	MAS	13.1
Sakura Fubuki	STD	BAS	4
GOODMEN	STD	EXP	10
Sakura Fubuki	STD	ADV	7
Sakura Fubuki	STD	MAS	13.8
Sakura Fubuki	STD	EXP	11
METATRON	STD	ADV	8
METATRON	STD	BAS	6
METATRON	STD	EXP	11.7
オモイヨシノ	STD	BAS	4
METATRON	STD	MAS	13.9
オモイヨシノ	STD	ADV	7
オモイヨシノ	STD	EXP	9.7
オモイヨシノ	STD	MAS	12.8
L9	STD	BAS	6
L9	STD	EXP	9.7
L9	STD	ADV	7
L9	STD	MAS	13.3
Good Bye, Mr. Jack	STD	BAS	5
Good Bye, Mr. Jack	STD	ADV	8
Good Bye, Mr. Jack	STD	EXP	11.7
Good Bye, Mr. Jack	STD	MAS	13.8
麒麟	STD	BAS	6
麒麟	STD	EXP	11.7
麒麟	STD	ADV	8.7
Jack-the-Ripper◆	STD	BAS	5
麒麟	STD	MAS	14
Jack-the-Ripper◆	STD	EXP	11
Jack-the-Ripper◆	STD	ADV	8
DRAGONLADY	STD	BAS	5
Jack-the-Ripper◆	STD	MAS	13.9
DRAGONLADY	STD	ADV	7
DRAGONLADY	STD	EXP	11.7
デコボコ体操第二	STD	BAS	4
DRAGONLADY	STD	MAS	13.9
デコボコ体操第二	STD	ADV	6
デコボコ体操第二	STD	EXP	8
デコボコ体操第二	STD	MAS	10
Let's Go Away	STD	BAS	4
Let's Go Away	STD	ADV	7
Let's Go Away	STD	EXP	9.7
Let's Go Away	STD	MAS	12
Conquista Ciela	STD	BAS	4
Conquista Ciela	STD	ADV	6
Conquista Ciela	STD	EXP	8.7
Fist Bump	STD	BAS	5
Conquista Ciela	STD	MAS	12
Fist Bump	STD	EXP	10
Fist Bump	STD	ADV	7.7
Reach For The Stars	STD	BAS	5
Fist Bump	STD	MAS	12
Reach For The Stars	STD	ADV	7.7
Reach For The Stars	STD	EXP	9.7
Reach For The Stars	STD	MAS	13.6
Live & Learn	STD	BAS	4
Live & Learn	STD	ADV	6
Live & Learn	STD	EXP	10
Live & Learn	STD	MAS	12.8
Back 2 Back	STD	BAS	5
Back 2 Back	STD	ADV	7
Back 2 Back	STD	EXP	9.7
Back 2 Back	STD	MAS	13.6
Windy Hill -Zone 1	STD	BAS	4
Windy Hill -Zone 1	STD	EXP	9.7
Windy Hill -Zone 1	STD	ADV	7
Windy Hill -Zone 1	STD	MAS	12.7
City Escape: Act1	STD	BAS	4
City Escape: Act1	STD	EXP	8.7
City Escape: Act1	STD	ADV	5
City Escape: Act1	STD	MAS	12
City Escape: Act1	STD	REM	12
Rooftop Run: Act1	STD	BAS	4
Rooftop Run: Act1	STD	ADV	6
Rooftop Run: Act1	STD	MAS	11.7
Rooftop Run: Act1	STD	EXP	10.7
終わりなき物語	STD	BAS	4
終わりなき物語	STD	ADV	6
Rooftop Run: Act1	STD	REM	12.7
終わりなき物語	STD	EXP	9.7
Our Fighting	STD	BAS	4
終わりなき物語	STD	MAS	12
Our Fighting	STD	EXP	9.7
Our Fighting	STD	ADV	6
Our Fighting	STD	MAS	11.7
Save This World νMIX	STD	BAS	5
Save This World νMIX	STD	EXP	9
Save This World νMIX	STD	ADV	7
Save This World νMIX	STD	MAS	12.8
Save This World νMIX	STD	REM	13
Living Universe	STD	BAS	4
Living Universe	STD	ADV	7
Living Universe	STD	EXP	9
Living Universe	STD	MAS	11
Living Universe	STD	REM	12
Ignite Infinity	STD	ADV	6
Ignite Infinity	STD	EXP	10.7
Ignite Infinity	STD	MAS	12
Garden Of The Dragon	STD	ADV	6
Ignite Infinity	STD	BAS	4
Garden Of The Dragon	STD	BAS	3
Garden Of The Dragon	STD	EXP	10.7
Garden Of The Dragon	STD	MAS	12.8
時空を超えて久しぶり！	STD	ADV	5
時空を超えて久しぶり！	STD	BAS	3
時空を超えて久しぶり！	STD	EXP	9
Her Dream Is To Be A Fantastic Sorceress	STD	EXP	9.7
時空を超えて久しぶり！	STD	MAS	12
Her Dream Is To Be A Fantastic Sorceress	STD	MAS	10.7
キズナの物語	STD	ADV	6
キズナの物語	STD	BAS	4
キズナの物語	STD	EXP	8
STAIRWAY TO GENERATION	STD	BAS	5
Her Dream Is To Be A Fantastic Sorceress	STD	BAS	3
STAIRWAY TO GENERATION	STD	ADV	7
キズナの物語	STD	MAS	12.7
Her Dream Is To Be A Fantastic Sorceress	STD	ADV	6
STAIRWAY TO GENERATION	STD	MAS	12.9
STAIRWAY TO GENERATION	STD	EXP	10
Last Brave ～ Go to zero	STD	ADV	7
Last Brave ～ Go to zero	STD	EXP	10.7
Last Brave ～ Go to zero	STD	BAS	4
Urban Crusher [Remix]	STD	BAS	6
Last Brave ～ Go to zero	STD	MAS	13.5
Urban Crusher [Remix]	STD	ADV	8
Urban Crusher [Remix]	STD	EXP	12
Urban Crusher [Remix]	STD	MAS	12.8
Catch The Future	STD	BAS	5
Catch The Future	STD	ADV	7.7
Catch The Future	STD	EXP	9.7
awake	STD	BAS	4
Catch The Future	STD	MAS	12
awake	STD	ADV	7.7
awake	STD	EXP	8
awake	STD	MAS	12.7
Terminal Storm	STD	BAS	4
Terminal Storm	STD	EXP	10
Terminal Storm	STD	ADV	7
After Burner	STD	BAS	5
Terminal Storm	STD	MAS	13
After Burner	STD	ADV	7.7
After Burner	STD	EXP	10.7
After Burner	STD	MAS	13.3
Space Harrier Main Theme [Reborn]	STD	ADV	6
Space Harrier Main Theme [Reborn]	STD	BAS	5
Space Harrier Main Theme [Reborn]	STD	MAS	13.5
Space Harrier Main Theme [Reborn]	STD	EXP	10.7
Quartet Theme [Reborn]	STD	BAS	4
Quartet Theme [Reborn]	STD	EXP	10.7
Quartet Theme [Reborn]	STD	ADV	6
Sky High [Reborn]	STD	ADV	7
Quartet Theme [Reborn]	STD	MAS	12
Sky High [Reborn]	STD	BAS	5
Sky High [Reborn]	STD	MAS	12
Sky High [Reborn]	STD	EXP	9.7
Sky High [Reborn]	STD	REM	12
Like the Wind [Reborn]	STD	BAS	5
Like the Wind [Reborn]	STD	ADV	8
Like the Wind [Reborn]	STD	EXP	10
Like the Wind [Reborn]	STD	MAS	13.8
YA･DA･YO [Reborn]	STD	BAS	4
YA･DA･YO [Reborn]	STD	ADV	7.7
YA･DA･YO [Reborn]	STD	MAS	12.8
YA･DA･YO [Reborn]	STD	EXP	12
Crush On You	STD	BAS	4
Crush On You	STD	ADV	6
Crush On You	STD	MAS	10.7
Crush On You	STD	EXP	8
Crush On You	STD	REM	13.7
Sun Dance	STD	BAS	4
Sun Dance	STD	ADV	6
Sun Dance	STD	EXP	7.7
Sun Dance	STD	MAS	10.7
Sun Dance	STD	REM	13.9
In Chaos	STD	BAS	5
In Chaos	STD	ADV	6
In Chaos	STD	EXP	8.7
In Chaos	STD	MAS	11.7
In Chaos	STD	REM	14.8
Beat Of Mind	STD	BAS	6
Beat Of Mind	STD	ADV	8
Beat Of Mind	STD	EXP	10.7
Beat Of Mind	STD	MAS	11
Beat Of Mind	STD	REM	14.2
Natural Flow	STD	ADV	7
Natural Flow	STD	BAS	4
Natural Flow	STD	EXP	10.7
Natural Flow	STD	MAS	12
JACKY [Remix]	STD	BAS	4
JACKY [Remix]	STD	ADV	6
JACKY [Remix]	STD	EXP	10
JACKY [Remix]	STD	MAS	13.1
JACKY [Remix]	STD	REM	13.5
Mysterious Destiny	STD	BAS	4
Mysterious Destiny	STD	ADV	6
Mysterious Destiny	STD	EXP	11.7
Riders Of The Light	STD	BAS	3
Mysterious Destiny	STD	MAS	12.8
Riders Of The Light	STD	ADV	6
Riders Of The Light	STD	EXP	10.7
Riders Of The Light	STD	MAS	12
コトバ・カラフル	STD	BAS	3
コトバ・カラフル	STD	EXP	7
コトバ・カラフル	STD	ADV	6
コトバ・カラフル	STD	MAS	13
天国と地獄	STD	BAS	5
天国と地獄	STD	ADV	7
天国と地獄	STD	EXP	9
きみのためなら死ねる	STD	BAS	4
天国と地獄	STD	MAS	12.7
きみのためなら死ねる	STD	EXP	9
きみのためなら死ねる	STD	ADV	6
きみのためなら死ねる	STD	MAS	12
The Great Journey	STD	BAS	4
The Great Journey	STD	EXP	9
The Great Journey	STD	ADV	6
The Great Journey	STD	MAS	11
Burning Hearts ～炎のANGEL～	STD	BAS	4
Burning Hearts ～炎のANGEL～	STD	ADV	7
Burning Hearts ～炎のANGEL～	STD	EXP	9.7
Burning Hearts ～炎のANGEL～	STD	MAS	11.7
Burning Hearts ～炎のANGEL～	STD	REM	13.7
かせげ！ジャリンコヒーロー	STD	ADV	6
かせげ！ジャリンコヒーロー	STD	BAS	4
ココロスキャンのうた	STD	BAS	4
かせげ！ジャリンコヒーロー	STD	MAS	11
ココロスキャンのうた	STD	ADV	6
かせげ！ジャリンコヒーロー	STD	EXP	8.7
ココロスキャンのうた	STD	EXP	10
ココロスキャンのうた	STD	MAS	13.2
超絶！Superlative	STD	BAS	5
采配の刻 Power of order	STD	BAS	5
超絶！Superlative	STD	EXP	10.7
采配の刻 Power of order	STD	ADV	7.7
采配の刻 Power of order	STD	EXP	10.7
采配の刻 Power of order	STD	MAS	12.7
DO RORO DERODERO ON DO RORO	STD	BAS	5
超絶！Superlative	STD	ADV	7.7
DO RORO DERODERO ON DO RORO	STD	ADV	8
DO RORO DERODERO ON DO RORO	STD	EXP	12.7
DO RORO DERODERO ON DO RORO	STD	MAS	13.1
超絶！Superlative	STD	MAS	12.7
源平大戦絵巻テーマソング	STD	BAS	5
源平大戦絵巻テーマソング	STD	ADV	7.7
源平大戦絵巻テーマソング	STD	EXP	9.7
怪盗Rのテーマ	STD	BAS	5
源平大戦絵巻テーマソング	STD	MAS	12
怪盗Rのテーマ	STD	ADV	7
怪盗Rのテーマ	STD	EXP	9
怪盗Rのテーマ	STD	MAS	12
マリアをはげませ	STD	BAS	4
マリアをはげませ	STD	EXP	7.7
マリアをはげませ	STD	ADV	6
マリアをはげませ	STD	MAS	11
SHOW TIME	STD	BAS	4
SHOW TIME	STD	ADV	5
SHOW TIME	STD	EXP	7.7
SHOW TIME	STD	MAS	12
円舞曲、君に	STD	BAS	4
円舞曲、君に	STD	ADV	6
円舞曲、君に	STD	EXP	10
御旗のもとに	STD	BAS	4
円舞曲、君に	STD	MAS	12.9
御旗のもとに	STD	ADV	6
御旗のもとに	STD	EXP	11
御旗のもとに	STD	MAS	12
地上の戦士	STD	BAS	4
地上の戦士	STD	ADV	6
地上の戦士	STD	EXP	9.7
檄！帝国華撃団(改)	STD	BAS	4
地上の戦士	STD	MAS	12
檄！帝国華撃団(改)	STD	EXP	8
檄！帝国華撃団(改)	STD	ADV	6
檄！帝国華撃団(改)	STD	MAS	10
檄！帝国華撃団(改)	STD	REM	12.7
Outlaw's Lullaby	STD	BAS	4
Outlaw's Lullaby	STD	ADV	7.7
Outlaw's Lullaby	STD	MAS	13.9
Outlaw's Lullaby	STD	EXP	9.7
Brand-new Japanesque	STD	BAS	4
Brand-new Japanesque	STD	ADV	7
Brand-new Japanesque	STD	EXP	9.7
Brand-new Japanesque	STD	MAS	12
鼓動	STD	ADV	6
鼓動	STD	BAS	3
鼓動	STD	MAS	13
鼓動	STD	EXP	9.7
神室雪月花	STD	BAS	4
神室雪月花	STD	ADV	6
神室雪月花	STD	EXP	11
神室雪月花	STD	MAS	12
KONNANじゃないっ！	STD	BAS	4
KONNANじゃないっ！	STD	ADV	6
KONNANじゃないっ！	STD	EXP	8
KONNANじゃないっ！	STD	MAS	12.7
セガサターン起動音[H.][Remix]	STD	BAS	3
セガサターン起動音[H.][Remix]	STD	ADV	6
セガサターン起動音[H.][Remix]	STD	EXP	10
レッツゴー!陰陽師	STD	ADV	6
セガサターン起動音[H.][Remix]	STD	MAS	12
レッツゴー!陰陽師	STD	BAS	3
レッツゴー!陰陽師	STD	EXP	8.7
オパ! オパ! RACER -GMT mashup-	STD	BAS	4
レッツゴー!陰陽師	STD	MAS	12.8
オパ! オパ! RACER -GMT mashup-	STD	ADV	6
オパ! オパ! RACER -GMT mashup-	STD	EXP	9.7
オパ! オパ! RACER -GMT mashup-	STD	MAS	13.3
電車で電車でOPA!OPA!OPA! -GMT mashup-	STD	ADV	6
電車で電車でOPA!OPA!OPA! -GMT mashup-	STD	BAS	4
電車で電車でOPA!OPA!OPA! -GMT mashup-	STD	EXP	10.7
電車で電車でOPA!OPA!OPA! -GMT mashup-	STD	MAS	13.7
リッジでリッジでGO!GO!GO! -GMT mashup-	STD	BAS	4
リッジでリッジでGO!GO!GO! -GMT mashup-	STD	ADV	6
リッジでリッジでGO!GO!GO! -GMT mashup-	STD	EXP	10.7
リッジでリッジでGO!GO!GO! -GMT mashup-	STD	MAS	12.7
電車で電車でGO!GO!GO!GC! -GMT remix-	STD	BAS	4
電車で電車でGO!GO!GO!GC! -GMT remix-	STD	ADV	6
電車で電車でGO!GO!GO!GC! -GMT remix-	STD	EXP	8
電車で電車でGO!GO!GO!GC! -GMT remix-	STD	MAS	11.7
RIDGE RACER STEPS -GMT remix-	STD	ADV	7
RIDGE RACER STEPS -GMT remix-	STD	BAS	5
RIDGE RACER STEPS -GMT remix-	STD	EXP	10.7
RIDGE RACER STEPS -GMT remix-	STD	MAS	13
ファンタジーゾーン OPA-OPA! -GMT remix-	STD	ADV	6
ファンタジーゾーン OPA-OPA! -GMT remix-	STD	EXP	9.7
ファンタジーゾーン OPA-OPA! -GMT remix-	STD	MAS	12.7
ファンタジーゾーン OPA-OPA! -GMT remix-	STD	BAS	4
DADDY MULK -Groove remix-	STD	BAS	4
DADDY MULK -Groove remix-	STD	ADV	6
DADDY MULK -Groove remix-	STD	EXP	11
DADDY MULK -Groove remix-	STD	MAS	13.5
DADDY MULK -Groove remix-	STD	REM	13.3
とびだせ！TO THE COSMIC!!	DX	BAS	5
とびだせ！TO THE COSMIC!!	DX	ADV	8
とびだせ！TO THE COSMIC!!	DX	EXP	12.5
とびだせ！TO THE COSMIC!!	DX	MAS	13.5
アンビバレンス	DX	BAS	4
アンビバレンス	DX	ADV	7
アンビバレンス	DX	EXP	10.7
アンビバレンス	DX	MAS	13
届かない花束	DX	BAS	4
届かない花束	DX	ADV	7
届かない花束	DX	MAS	13
届かない花束	DX	EXP	9.7
ステップアンドライム	DX	BAS	4
ステップアンドライム	DX	ADV	7
ステップアンドライム	DX	EXP	10
ステップアンドライム	DX	MAS	12.7
シアトリカル・ケース	DX	ADV	7.7
シアトリカル・ケース	DX	BAS	4
シアトリカル・ケース	DX	EXP	10.7
シアトリカル・ケース	DX	MAS	12.7
ワードワードワード	DX	ADV	6
ワードワードワード	DX	BAS	4
ワードワードワード	DX	MAS	13.3
ワードワードワード	DX	EXP	9.7
ヤミツキ	DX	BAS	4
ヤミツキ	DX	ADV	7
ヤミツキ	DX	MAS	12
ヤミツキ	DX	EXP	10
Secret Sleuth	DX	BAS	4
Secret Sleuth	DX	ADV	7
Secret Sleuth	DX	EXP	10.7
Secret Sleuth	DX	MAS	12.9
Secret Sleuth	DX	REM	13.8
BLACK ROSE	DX	BAS	3
BLACK ROSE	DX	ADV	6
BLACK ROSE	DX	EXP	9.7
咲キ誇レ常世ノ華	STD	BAS	5
BLACK ROSE	DX	MAS	12
咲キ誇レ常世ノ華	STD	ADV	7
咲キ誇レ常世ノ華	STD	EXP	10.7
天国と地獄 -言ノ葉リンネ-	STD	BAS	4
咲キ誇レ常世ノ華	STD	MAS	13.2
天国と地獄 -言ノ葉リンネ-	STD	ADV	6
天国と地獄 -言ノ葉リンネ-	STD	EXP	10.7
天国と地獄 -言ノ葉リンネ-	STD	MAS	12.8
相思創愛	STD	BAS	5
相思創愛	STD	ADV	7.7
相思創愛	STD	EXP	10
相思創愛	STD	MAS	13.2
空威張りビヘイビア	STD	BAS	4
空威張りビヘイビア	STD	ADV	7
空威張りビヘイビア	STD	EXP	9.7
空威張りビヘイビア	STD	MAS	13.2
分からない	STD	BAS	4
分からない	STD	ADV	7.7
分からない	STD	EXP	10.7
洗脳	STD	EXP	9.7
洗脳	STD	ADV	6
洗脳	STD	MAS	11.7
洗脳	STD	REM	12
分からない	STD	MAS	13.9
Barbed Eye	STD	ADV	6
Barbed Eye	STD	BAS	4
洗脳	STD	BAS	4
Barbed Eye	STD	MAS	12
Barbed Eye	STD	EXP	9.7
言ノ葉遊戯	STD	BAS	4
言ノ葉遊戯	STD	ADV	7
言ノ葉遊戯	STD	EXP	9.7
言ノ葉遊戯	STD	MAS	12
りばーぶ	STD	BAS	3
りばーぶ	STD	ADV	6
りばーぶ	STD	EXP	8.7
りばーぶ	STD	MAS	10.7
言ノ葉カルマ	STD	BAS	4
言ノ葉カルマ	STD	ADV	6
言ノ葉カルマ	STD	EXP	9.7
言ノ葉カルマ	STD	MAS	12.8
悪戯	STD	BAS	4
悪戯	STD	ADV	6
悪戯	STD	EXP	9
悪戯	STD	MAS	12.7
Trick tear	DX	BAS	5
Trick tear	DX	ADV	8.7
Trick tear	DX	EXP	12.5
Trick tear	DX	MAS	14.4
前衛的Landscape	DX	BAS	5
前衛的Landscape	DX	ADV	8
前衛的Landscape	DX	MAS	13.8
前衛的Landscape	DX	EXP	11.4
躯樹の墓守	DX	BAS	6
躯樹の墓守	DX	ADV	9.7
躯樹の墓守	DX	EXP	12.9
躯樹の墓守	DX	MAS	14.9
ヨミビトシラズ	DX	BAS	5
ヨミビトシラズ	DX	ADV	7.7
ヨミビトシラズ	DX	MAS	13.7
ヨミビトシラズ	DX	EXP	12.5
Round Round Spinning Around	DX	BAS	4
Round Round Spinning Around	DX	ADV	8
Round Round Spinning Around	DX	EXP	10
Round Round Spinning Around	DX	MAS	13.7
Alcyone	DX	ADV	7.7
Alcyone	DX	BAS	5
Alcyone	DX	EXP	12
Alcyone	DX	MAS	14
Raven Emperor	DX	BAS	5
Raven Emperor	DX	EXP	12
Raven Emperor	DX	MAS	14.4
Raven Emperor	DX	ADV	8
Yorugao	DX	BAS	5
Yorugao	DX	ADV	8
Yorugao	DX	EXP	12.2
華の集落、秋のお届け	DX	BAS	4
Yorugao	DX	MAS	14.6
華の集落、秋のお届け	DX	ADV	7.7
華の集落、秋のお届け	DX	EXP	11.8
華の集落、秋のお届け	DX	MAS	13.9
星詠みとデスペラード	DX	BAS	5
星詠みとデスペラード	DX	ADV	7.7
星詠みとデスペラード	DX	EXP	11.8
星詠みとデスペラード	DX	MAS	13.9
BLACK SWAN	DX	BAS	6
BLACK SWAN	DX	ADV	8
BLACK SWAN	DX	MAS	14.6
噛み係	DX	BAS	4
BLACK SWAN	DX	EXP	12.7
噛み係	DX	ADV	7.7
噛み係	DX	EXP	10.8
噛み係	DX	MAS	13.3
トリアージ	DX	BAS	4
トリアージ	DX	ADV	7.7
トリアージ	DX	EXP	10
NAGAREBOSHI☆ROCKET	DX	BAS	6
トリアージ	DX	MAS	13.1
NAGAREBOSHI☆ROCKET	DX	EXP	12
NAGAREBOSHI☆ROCKET	DX	MAS	14.2
Lia=Fail	DX	BAS	6
NAGAREBOSHI☆ROCKET	DX	ADV	8
Lia=Fail	DX	ADV	9
Lia=Fail	DX	EXP	12.8
U&iVERSE -銀河鸞翔-	DX	BAS	5
U&iVERSE -銀河鸞翔-	DX	ADV	9
Lia=Fail	DX	MAS	14.8
U&iVERSE -銀河鸞翔-	DX	EXP	12
U&iVERSE -銀河鸞翔-	DX	MAS	14.4
GIGANTOMAKHIA	DX	BAS	6
GIGANTOMAKHIA	DX	ADV	8
GIGANTOMAKHIA	DX	EXP	13
GIGANTOMAKHIA	DX	MAS	14.8
Starry Colors	DX	BAS	4
Starry Colors	DX	ADV	7.7
Starry Colors	DX	EXP	11
Starry Colors	DX	MAS	14
星めぐり、果ての君へ。	DX	BAS	4
星めぐり、果ての君へ。	DX	EXP	10.7
星めぐり、果ての君へ。	DX	ADV	7.7
星めぐり、果ての君へ。	DX	MAS	12.9
スローアライズ	DX	BAS	4
スローアライズ	DX	ADV	7
スローアライズ	DX	MAS	12.8
生命不詳	DX	BAS	5
スローアライズ	DX	EXP	10.7
生命不詳	DX	ADV	8
生命不詳	DX	MAS	13.4
生命不詳	DX	EXP	11.7
チエルカ／エソテリカ	DX	ADV	8.7
チエルカ／エソテリカ	DX	BAS	5
チエルカ／エソテリカ	DX	EXP	12.5
チエルカ／エソテリカ	DX	MAS	14.1
Paradisoda	DX	BAS	3
Paradisoda	DX	ADV	7
Paradisoda	DX	EXP	10.7
Paradisoda	DX	MAS	13.1
VANTABLACK RAVER	DX	ADV	7.7
VANTABLACK RAVER	DX	BAS	5
VANTABLACK RAVER	DX	EXP	11
VANTABLACK RAVER	DX	MAS	13.8
オリフィス	DX	BAS	4
オリフィス	DX	EXP	10
オリフィス	DX	ADV	7.7
ユメヒバナ	DX	BAS	5
ユメヒバナ	DX	ADV	7
オリフィス	DX	MAS	13
ユメヒバナ	DX	MAS	13.3
ユメヒバナ	DX	EXP	10
REAL VOICE	DX	ADV	7.7
REAL VOICE	DX	BAS	4
パラボラ	DX	ADV	8
パラボラ	DX	EXP	11
REAL VOICE	DX	EXP	10
パラボラ	DX	MAS	13.9
ブレインジャックシンドローム	DX	BAS	4
REAL VOICE	DX	MAS	12.8
ブレインジャックシンドローム	DX	ADV	7.7
ブレインジャックシンドローム	DX	EXP	10.7
ブレインジャックシンドローム	DX	MAS	13.3
シエルブルーマルシェ	DX	BAS	3
シエルブルーマルシェ	DX	ADV	7
シエルブルーマルシェ	DX	EXP	10
シエルブルーマルシェ	DX	MAS	12.8
Ututu	DX	BAS	4
Ututu	DX	ADV	7
パラボラ	DX	BAS	5
Ututu	DX	MAS	12.9
Ututu	DX	EXP	10
共鳴	DX	BAS	3
共鳴	DX	EXP	10
共鳴	DX	ADV	7
共鳴	DX	MAS	13
居並ぶ穀物と溜息まじりの運送屋	DX	ADV	7.7
居並ぶ穀物と溜息まじりの運送屋	DX	BAS	4
居並ぶ穀物と溜息まじりの運送屋	DX	EXP	11.7
居並ぶ穀物と溜息まじりの運送屋	DX	MAS	12.9
マイオドレ！舞舞タイム	DX	ADV	7.7
マイオドレ！舞舞タイム	DX	BAS	4
マイオドレ！舞舞タイム	DX	EXP	11
マイオドレ！舞舞タイム	DX	MAS	12.8
ぼくたちいつでも　しゅわっしゅわ！	DX	BAS	4
ぼくたちいつでも　しゅわっしゅわ！	DX	ADV	7
ぼくたちいつでも　しゅわっしゅわ！	DX	EXP	11
ぼくたちいつでも　しゅわっしゅわ！	DX	MAS	13
絡めトリック利己ライザー	DX	BAS	5
絡めトリック利己ライザー	DX	ADV	7.7
絡めトリック利己ライザー	DX	EXP	10.7
絡めトリック利己ライザー	DX	MAS	12
でらっくmaimai♪てんてこまい!	DX	BAS	5
でらっくmaimai♪てんてこまい!	DX	ADV	7.7
でらっくmaimai♪てんてこまい!	DX	EXP	10
でらっくmaimai♪てんてこまい!	DX	MAS	12
超常マイマイン	DX	BAS	3
超常マイマイン	DX	ADV	7
超常マイマイン	DX	EXP	10
超常マイマイン	DX	MAS	12
STEREOSCAPE	DX	BAS	3
STEREOSCAPE	DX	ADV	6
STEREOSCAPE	DX	EXP	9
STEREOSCAPE	DX	MAS	12
Crazy Circle	DX	BAS	3
Crazy Circle	DX	ADV	6
Crazy Circle	DX	EXP	9
Crazy Circle	DX	MAS	12
Never Give Up!	DX	BAS	4
Never Give Up!	DX	ADV	7.7
Never Give Up!	DX	EXP	10.7
Never Give Up!	DX	MAS	13.8
ほしぞらスペクタクル	DX	ADV	8
ほしぞらスペクタクル	DX	BAS	5
ほしぞらスペクタクル	DX	EXP	12
ほしぞらスペクタクル	DX	MAS	14.3
VIIIbit Explorer	DX	ADV	8
VIIIbit Explorer	DX	BAS	5
VIIIbit Explorer	DX	EXP	13
Last Samurai	DX	BAS	5
VIIIbit Explorer	DX	MAS	14.8
Last Samurai	DX	ADV	8
Last Samurai	DX	EXP	12
蒼穹舞楽	DX	BAS	5
Last Samurai	DX	MAS	13.9
蒼穹舞楽	DX	EXP	12.7
蒼穹舞楽	DX	ADV	8
蒼穹舞楽	DX	MAS	14
AMABIE	DX	BAS	6
AMABIE	DX	ADV	8.7
AMABIE	DX	EXP	12
AMABIE	DX	MAS	14.5
時計の国のジェミニ	DX	BAS	5
時計の国のジェミニ	DX	ADV	7.7
時計の国のジェミニ	DX	EXP	10
時計の国のジェミニ	DX	MAS	13
Xenovcipher	DX	BAS	6
Xenovcipher	DX	ADV	8
Xenovcipher	DX	EXP	12
Xenovcipher	DX	MAS	14.3
Heavenly Blast	DX	BAS	6
Heavenly Blast	DX	ADV	9
Heavenly Blast	DX	EXP	12.8
BREaK! BREaK! BREaK!	DX	BAS	6
Heavenly Blast	DX	MAS	14.8
BREaK! BREaK! BREaK!	DX	ADV	8
BREaK! BREaK! BREaK!	DX	EXP	12.8
BREaK! BREaK! BREaK!	DX	MAS	14.7
ワンダーシャッフェンの法則	DX	BAS	5
ワンダーシャッフェンの法則	DX	ADV	7.7
ワンダーシャッフェンの法則	DX	EXP	10.7
BIRTH	DX	BAS	5
ワンダーシャッフェンの法則	DX	MAS	14.1
BIRTH	DX	ADV	7.7
BIRTH	DX	EXP	12.8
BIRTH	DX	MAS	14.5
Regulus	DX	BAS	6
Regulus	DX	ADV	8
Regulus	DX	EXP	12
Beautiful Future	DX	BAS	4
Regulus	DX	MAS	14.7
Beautiful Future	DX	ADV	8
Beautiful Future	DX	EXP	10.7
Beautiful Future	DX	MAS	13.7
Mutation	DX	BAS	5
Mutation	DX	ADV	8
Mutation	DX	EXP	12
Aetheric Energy	DX	BAS	5
Mutation	DX	MAS	14
Aetheric Energy	DX	EXP	11
Aetheric Energy	DX	ADV	7.7
Aetheric Energy	DX	MAS	13.1
Komplexe	DX	BAS	3
Komplexe	DX	ADV	7.7
Komplexe	DX	EXP	11
≠彡"/了→	DX	BAS	6
Komplexe	DX	MAS	13.7
≠彡"/了→	DX	EXP	12.7
≠彡"/了→	DX	ADV	9
≠彡"/了→	DX	MAS	14.3
Boys O’Clock	DX	BAS	5
Boys O’Clock	DX	ADV	7.7
Boys O’Clock	DX	MAS	13
Boys O’Clock	DX	EXP	10.7
ARAIS	DX	ADV	8.7
ARAIS	DX	BAS	5
ARAIS	DX	EXP	12
渦状銀河のシンフォニエッタ	DX	BAS	4
ARAIS	DX	MAS	14.3
渦状銀河のシンフォニエッタ	DX	ADV	8
渦状銀河のシンフォニエッタ	DX	EXP	11.7
渦状銀河のシンフォニエッタ	DX	MAS	14.6
GRÄNDIR	DX	BAS	4
GRÄNDIR	DX	ADV	7.7
GRÄNDIR	DX	EXP	11
GRÄNDIR	DX	MAS	13.9
封焔の135秒	DX	BAS	5
封焔の135秒	DX	EXP	12.7
封焔の135秒	DX	ADV	8.7
封焔の135秒	DX	MAS	14.7
Stardust Memories	DX	BAS	3
Stardust Memories	DX	ADV	7.7
Stardust Memories	DX	EXP	10.7
Flashkick	DX	ADV	7.7
Flashkick	DX	EXP	11
Flashkick	DX	MAS	13.2
UniTas	DX	BAS	5
UniTas	DX	ADV	8
Stardust Memories	DX	MAS	12.9
UniTas	DX	EXP	11.7
ここからはじまるプロローグ。	DX	BAS	4
UniTas	DX	MAS	14.4
ここからはじまるプロローグ。	DX	ADV	7.7
ここからはじまるプロローグ。	DX	EXP	10.7
Flashkick	DX	BAS	5
ここからはじまるプロローグ。	DX	MAS	13.4
Jörqer	DX	BAS	4
Jörqer	DX	ADV	7
Jörqer	DX	EXP	11.7
Jörqer	DX	MAS	13.5
Sqlupp (Camellia's "Sqleipd*Hiytex" Remix)	DX	BAS	5
Sqlupp (Camellia's "Sqleipd*Hiytex" Remix)	DX	ADV	8
Sqlupp (Camellia's "Sqleipd*Hiytex" Remix)	DX	EXP	12
Sqlupp (Camellia's "Sqleipd*Hiytex" Remix)	DX	MAS	14.5
Valsqotch	DX	BAS	6
Valsqotch	DX	ADV	8.7
Valsqotch	DX	EXP	13
Valsqotch	DX	MAS	14.7
P-qoq	DX	BAS	3
P-qoq	DX	ADV	7
P-qoq	DX	EXP	10
P-qoq	DX	MAS	13
デスパレイト	STD	BAS	5
デスパレイト	STD	ADV	7.7
デスパレイト	STD	EXP	10.7
デスパレイト	STD	MAS	13.6
STEEL TRANSONIC	DX	ADV	8.7
STEEL TRANSONIC	DX	BAS	6
STEEL TRANSONIC	DX	EXP	12
STEEL TRANSONIC	DX	MAS	14.3
Alea jacta est!	STD	BAS	6
Alea jacta est!	STD	ADV	8.7
Alea jacta est!	STD	EXP	12
Alea jacta est!	STD	MAS	14.2
Alea jacta est!	STD	REM	14.8
AMAZING MIGHTYYYY!!!!	STD	BAS	6
AMAZING MIGHTYYYY!!!!	STD	EXP	13.5
AMAZING MIGHTYYYY!!!!	STD	ADV	9
AMAZING MIGHTYYYY!!!!	STD	REM	14.5
AMAZING MIGHTYYYY!!!!	STD	MAS	14.7
My My My	DX	BAS	5
My My My	DX	ADV	7.7
My My My	DX	MAS	13.5
My My My	DX	EXP	11
CITRUS MONSTER	STD	ADV	8
CITRUS MONSTER	STD	BAS	6
CITRUS MONSTER	STD	EXP	11.7
CITRUS MONSTER	STD	MAS	14.5
モ°ルモ°ル	DX	BAS	6
モ°ルモ°ル	DX	ADV	8
モ°ルモ°ル	DX	MAS	13.8
モ°ルモ°ル	DX	EXP	12
the EmpErroR	STD	BAS	5
the EmpErroR	STD	ADV	9.7
the EmpErroR	STD	EXP	12.7
the EmpErroR	STD	MAS	14.8
ガラテアの螺旋	STD	BAS	6
the EmpErroR	STD	REM	14.9
ガラテアの螺旋	STD	ADV	8
ガラテアの螺旋	STD	EXP	12.8
ガラテアの螺旋	STD	MAS	14.6
ガラテアの螺旋	STD	REM	14.8
TEmPTaTiON	DX	BAS	6
TEmPTaTiON	DX	ADV	8
TEmPTaTiON	DX	MAS	14.7
TEmPTaTiON	DX	EXP	12
SILENT BLUE	STD	BAS	5
SILENT BLUE	STD	ADV	8
SILENT BLUE	STD	EXP	11.7
SILENT BLUE	STD	MAS	14.8
アポカリプスに反逆の焔を焚べろ	DX	BAS	6
アポカリプスに反逆の焔を焚べろ	DX	ADV	8
アポカリプスに反逆の焔を焚べろ	DX	EXP	12
アポカリプスに反逆の焔を焚べろ	DX	MAS	14.4
ねぇ、壊れタ人形ハ何処へ棄テらレるノ？	STD	BAS	6
ねぇ、壊れタ人形ハ何処へ棄テらレるノ？	STD	ADV	8
ねぇ、壊れタ人形ハ何処へ棄テらレるノ？	STD	MAS	14.5
ねぇ、壊れタ人形ハ何処へ棄テらレるノ？	STD	EXP	12
TwisteD! XD	DX	BAS	5
TwisteD! XD	DX	ADV	8.7
TwisteD! XD	DX	EXP	11
TwisteD! XD	DX	MAS	13.6
QZKago Requiem	STD	BAS	6
QZKago Requiem	STD	ADV	9.7
QZKago Requiem	STD	MAS	14.8
QZKago Requiem	STD	EXP	12
Our Wrenally	STD	BAS	6
QZKago Requiem	STD	REM	14.9
Our Wrenally	STD	ADV	9
Our Wrenally	STD	MAS	14.8
Our Wrenally	STD	EXP	12
Contrapasso -paradiso-	STD	BAS	6
Contrapasso -paradiso-	STD	ADV	8.7
Contrapasso -paradiso-	STD	EXP	12
Contrapasso -paradiso-	STD	MAS	14.4
Oshama Scramble!	DX	ADV	8.7
Oshama Scramble!	DX	BAS	5
Oshama Scramble!	DX	EXP	11
Oshama Scramble!	DX	MAS	13.6
Oshama Scramble!	STD	ADV	7.7
Oshama Scramble!	STD	BAS	5
Oshama Scramble!	STD	EXP	11
Oshama Scramble!	STD	MAS	14.5
Garakuta Doll Play	STD	ADV	8
Garakuta Doll Play	STD	BAS	6
Garakuta Doll Play	STD	MAS	14.2
Garakuta Doll Play	STD	EXP	12
Garakuta Doll Play	STD	REM	14.8
Blew Moon	STD	BAS	4
Blew Moon	STD	ADV	8
Blew Moon	STD	EXP	11
Blew Moon	STD	MAS	13
Blew Moon	STD	REM	13.1
キリキリ舞Mine	DX	BAS	5
キリキリ舞Mine	DX	ADV	7.7
キリキリ舞Mine	DX	MAS	13.4
キリキリ舞Mine	DX	EXP	11
FEEL the BEATS	STD	BAS	5
FEEL the BEATS	STD	ADV	7.7
FEEL the BEATS	STD	MAS	13.2
FEEL the BEATS	STD	EXP	10
BREAK YOU!!	STD	BAS	5
FEEL the BEATS	STD	REM	13.8
BREAK YOU!!	STD	ADV	6
BREAK YOU!!	STD	EXP	10
BREAK YOU!!	STD	MAS	13.1
KING is BACK!!	STD	BAS	5
KING is BACK!!	STD	ADV	8
KING is BACK!!	STD	EXP	10.7
KING is BACK!!	STD	MAS	13.8
♡マイマイマイラブ♡	DX	BAS	5
♡マイマイマイラブ♡	DX	EXP	10
♡マイマイマイラブ♡	DX	ADV	7.7
♡マイマイマイラブ♡	DX	MAS	13
タカハせ！名人マン	STD	BAS	4
タカハせ！名人マン	STD	EXP	8.7
タカハせ！名人マン	STD	ADV	6
タカハせ！名人マン	STD	MAS	13.2
welcome to maimai!! with マイマイマー	STD	BAS	5
welcome to maimai!! with マイマイマー	STD	ADV	7
welcome to maimai!! with マイマイマー	STD	EXP	8.7
welcome to maimai!! with マイマイマー	STD	MAS	12
みんなのマイマイマー	STD	BAS	4
みんなのマイマイマー	STD	ADV	7.7
みんなのマイマイマー	STD	EXP	10
Scarlet Wings	DX	BAS	4
みんなのマイマイマー	STD	MAS	13.1
Scarlet Wings	DX	EXP	10
Scarlet Wings	DX	ADV	7.7
Scarlet Wings	DX	MAS	12.9
End of Twilight	STD	BAS	4
End of Twilight	STD	EXP	10.7
End of Twilight	STD	MAS	12.7
End of Twilight	STD	ADV	7
Acceleration	STD	BAS	6
Acceleration	STD	ADV	7.7
Acceleration	STD	EXP	10.7
一か罰	DX	BAS	5
一か罰	DX	ADV	7.7
Acceleration	STD	MAS	12.8
一か罰	DX	EXP	11
一か罰	DX	MAS	12.8
夢花火	STD	BAS	5
夢花火	STD	ADV	7.7
夢花火	STD	EXP	10
夢花火	STD	MAS	13.7
Now or Never	DX	REM	14
Now or Never	DX	EXP	10
Now or Never	DX	MAS	13.5
Justified	STD	BAS	4
Justified	STD	ADV	8
Justified	STD	EXP	11.7
Justified	STD	MAS	13.8
Technicians High	DX	BAS	5
Technicians High	DX	ADV	8
Technicians High	DX	EXP	11
Technicians High	DX	MAS	13.4
Technicians High	STD	BAS	4
Now or Never	DX	BAS	5
Technicians High	STD	ADV	7.7
Technicians High	STD	MAS	13.8
Technicians High	STD	EXP	11
Now or Never	DX	ADV	7
Hyper Active	STD	ADV	8
Hyper Active	STD	BAS	6
Hyper Active	STD	EXP	12.7
Hyper Active	STD	MAS	13.8
バーチャルダム　ネーション	DX	BAS	4
バーチャルダム　ネーション	DX	ADV	8
バーチャルダム　ネーション	DX	MAS	13.5
バーチャルダム　ネーション	DX	EXP	10.7
Moon of Noon	STD	BAS	6
バーチャルダム　ネーション	DX	REM	14
Moon of Noon	STD	ADV	8
Moon of Noon	STD	EXP	12
Moon of Noon	STD	MAS	14.4
Blows Up Everything	DX	BAS	6
Blows Up Everything	DX	EXP	11.9
Blows Up Everything	DX	ADV	9
Blows Up Everything	DX	REM	14.2
Blows Up Everything	DX	MAS	13.8
Dragoon	STD	BAS	5
Dragoon	STD	ADV	7.7
Dragoon	STD	EXP	9.7
Dragoon	STD	MAS	13
Dragoon	STD	REM	14.3
福宿音屋魂音泉	DX	BAS	4
福宿音屋魂音泉	DX	ADV	7
福宿音屋魂音泉	DX	MAS	13
福宿音屋魂音泉	DX	EXP	10.7
魔ジョ狩リ	DX	ADV	8
魔ジョ狩リ	DX	BAS	6
魔ジョ狩リ	DX	MAS	13.7
魔ジョ狩リ	DX	EXP	11
MAXRAGE	DX	BAS	5
MAXRAGE	DX	ADV	7.7
MAXRAGE	DX	MAS	13.8
MAXRAGE	DX	EXP	11
MAXRAGE	DX	REM	14.3
PANDORA PARADOXXX	STD	BAS	7.7
PANDORA PARADOXXX	STD	ADV	10.7
PANDORA PARADOXXX	STD	EXP	13.7
PANDORA PARADOXXX	STD	REM	15
PANDORA PARADOXXX	STD	MAS	14.9
天火明命	STD	BAS	5
天火明命	STD	EXP	12.8
天火明命	STD	MAS	13.9
天火明命	STD	ADV	8.7
7thSense	STD	BAS	6
7thSense	STD	ADV	8
7thSense	STD	MAS	14.3
7thSense	STD	EXP	10.7
FFT	STD	ADV	8.7
FFT	STD	BAS	6
FFT	STD	EXP	12
FFT	STD	MAS	14
Panopticon	STD	ADV	8.7
FFT	STD	REM	14.5
Panopticon	STD	EXP	11.7
Panopticon	STD	BAS	5
Panopticon	STD	MAS	14.1
Panopticon	STD	REM	14.1
雷切-RAIKIRI-	STD	BAS	6
雷切-RAIKIRI-	STD	EXP	11.7
雷切-RAIKIRI-	STD	ADV	8
雷切-RAIKIRI-	STD	REM	14.8
雷切-RAIKIRI-	STD	MAS	14.6
花と、雪と、ドラムンベース。	STD	BAS	6
花と、雪と、ドラムンベース。	STD	ADV	8
花と、雪と、ドラムンベース。	STD	EXP	11.7
花と、雪と、ドラムンベース。	STD	MAS	14.3
Schwarzschild	STD	BAS	6
花と、雪と、ドラムンベース。	STD	REM	13.8
Schwarzschild	STD	ADV	8.7
Schwarzschild	STD	EXP	11.7
Schwarzschild	STD	MAS	13.9
SPILL OVER COLORS	STD	BAS	4
Schwarzschild	STD	REM	14.9
SPILL OVER COLORS	STD	ADV	7.7
SPILL OVER COLORS	STD	EXP	10.7
SPILL OVER COLORS	STD	MAS	13
Black Out	STD	BAS	6
Black Out	STD	EXP	12
Black Out	STD	ADV	7
Black Out	STD	MAS	12.7
Fragrance	STD	BAS	5
Fragrance	STD	ADV	8
Fragrance	STD	EXP	12
Fragrance	STD	MAS	14.2
Fragrance	STD	REM	14.5
Excalibur ～Revived resolution～	STD	BAS	6
Excalibur ～Revived resolution～	STD	ADV	9
Excalibur ～Revived resolution～	STD	EXP	12
Excalibur ～Revived resolution～	STD	MAS	14.8
Caliburne ～Story of the Legendary sword～	STD	BAS	6
Caliburne ～Story of the Legendary sword～	STD	ADV	8
Caliburne ～Story of the Legendary sword～	STD	EXP	12
Caliburne ～Story of the Legendary sword～	STD	MAS	14.2
Glorious Crown	STD	BAS	6
Glorious Crown	STD	ADV	9.7
Glorious Crown	STD	EXP	12.7
Glorious Crown	STD	MAS	14.8
Aiolos	STD	BAS	6
Aiolos	STD	ADV	8
Aiolos	STD	MAS	14.4
Aiolos	STD	EXP	11.7
Death Scythe	STD	BAS	5
Death Scythe	STD	EXP	11
Death Scythe	STD	ADV	7.7
Death Scythe	STD	REM	14.2
LUCIA	STD	BAS	4
Death Scythe	STD	MAS	13.5
LUCIA	STD	ADV	6
LUCIA	STD	EXP	11
LUCIA	STD	MAS	12.7
LUCIA	STD	REM	13.4
Life Feels Good	STD	BAS	5
Life Feels Good	STD	ADV	8
Life Feels Good	STD	MAS	13.7
Life Feels Good	STD	EXP	11.7
MYTHOS	STD	BAS	4
MYTHOS	STD	ADV	7.7
MYTHOS	STD	EXP	11
MYTHOS	STD	MAS	14.1
We Gonna Party	STD	BAS	6
We Gonna Party	STD	ADV	7.7
We Gonna Party	STD	EXP	11.7
アージェントシンメトリー	STD	ADV	6
アージェントシンメトリー	STD	EXP	9.7
We Gonna Party	STD	MAS	13.3
アージェントシンメトリー	STD	MAS	12.9
アージェントシンメトリー	STD	REM	13.9
アージェントシンメトリー	STD	BAS	4
Dreampainter	STD	BAS	4
Dreampainter	STD	ADV	7
Dreampainter	STD	EXP	10
Dreampainter	STD	MAS	12
Monochrome Rainbow	STD	BAS	4
Monochrome Rainbow	STD	ADV	7.7
Monochrome Rainbow	STD	EXP	9.7
Monochrome Rainbow	STD	MAS	12
Lividi	STD	BAS	5
We Gonna Party	STD	REM	13.7
Lividi	STD	ADV	8.7
Lividi	STD	EXP	12.7
Lividi	STD	MAS	14
Axeria	STD	ADV	7.7
Axeria	STD	BAS	6
Axeria	STD	EXP	11.7
Axeria	STD	MAS	14.5
Ragnarok	STD	BAS	6
Ragnarok	STD	ADV	8
Ragnarok	STD	EXP	11
Ragnarok	STD	MAS	13.9
larva	STD	BAS	6
larva	STD	ADV	8
larva	STD	EXP	12
larva	STD	MAS	14.8
keep hopping	STD	BAS	5
keep hopping	STD	ADV	7.7
keep hopping	STD	EXP	11
keep hopping	STD	MAS	13.9
FestivaLight	STD	BAS	4
FestivaLight	STD	EXP	9
FestivaLight	STD	ADV	7
Mare Maris	STD	BAS	5
FestivaLight	STD	MAS	13.1
Mare Maris	STD	ADV	8
Mare Maris	STD	EXP	11
Candy Tall Woman	STD	BAS	5
Mare Maris	STD	MAS	13.8
Candy Tall Woman	STD	ADV	7
Candy Tall Woman	STD	EXP	10.7
Candy Tall Woman	STD	MAS	13.3
Kinda Way	STD	BAS	4
Kinda Way	STD	ADV	7.7
Kinda Way	STD	EXP	10.7
Kinda Way	STD	MAS	12
Signature	STD	BAS	4
Signature	STD	EXP	11
Signature	STD	MAS	13
Signature	STD	ADV	7.7
Magical Flavor	STD	BAS	4
Magical Flavor	STD	ADV	7
Magical Flavor	STD	EXP	9
Ultranova	STD	BAS	5
Ultranova	STD	ADV	7.7
Magical Flavor	STD	MAS	12.8
Ultranova	STD	MAS	13.9
Ultranova	STD	EXP	11.7
曖昧mind	STD	BAS	5
曖昧mind	STD	ADV	7.7
曖昧mind	STD	MAS	12.8
曖昧mind	STD	EXP	10.7
Limit Break	STD	BAS	5
Limit Break	STD	ADV	7
Limit Break	STD	EXP	10
Limit Break	STD	MAS	12.8
オトヒメモリー☆ウタゲーション	STD	ADV	7
オトヒメモリー☆ウタゲーション	STD	BAS	4
オトヒメモリー☆ウタゲーション	STD	EXP	10
いっしそう電☆舞舞神拳！	STD	BAS	5
オトヒメモリー☆ウタゲーション	STD	MAS	12
いっしそう電☆舞舞神拳！	STD	ADV	7.7
いっしそう電☆舞舞神拳！	STD	MAS	13.2
いっしそう電☆舞舞神拳！	STD	EXP	10
四月の雨	STD	EXP	11
四月の雨	STD	BAS	4
Imitation:Loud Lounge	STD	BAS	5
四月の雨	STD	MAS	13.9
四月の雨	STD	ADV	7.7
Imitation:Loud Lounge	STD	EXP	11.7
Imitation:Loud Lounge	STD	ADV	7
Imitation:Loud Lounge	STD	MAS	12.8
HERA	STD	BAS	6
HERA	STD	ADV	8
HERA	STD	EXP	11.7
HERA	STD	MAS	14.2
Selector	STD	BAS	5
Selector	STD	ADV	7
Selector	STD	EXP	10.7
Jumble Rumble	STD	BAS	5
Selector	STD	MAS	13.7
Jumble Rumble	STD	EXP	11.7
Jumble Rumble	STD	ADV	8
Jumble Rumble	STD	MAS	13.9
Nitrous Fury	STD	BAS	6
Nitrous Fury	STD	ADV	7.7
Nitrous Fury	STD	EXP	11
Nitrous Fury	STD	MAS	13.9
Revive The Rave	STD	BAS	6
Revive The Rave	STD	EXP	11.7
Revive The Rave	STD	ADV	8
Revive The Rave	STD	MAS	13.2
GEMINI -M-	STD	BAS	6
GEMINI -M-	STD	ADV	7
GEMINI -M-	STD	MAS	13.8
GEMINI -M-	STD	EXP	10.7
スリップフリップ	STD	BAS	4
スリップフリップ	STD	ADV	7
スリップフリップ	STD	EXP	9.7
スリップフリップ	STD	MAS	13.8
LANCE	STD	BAS	5
LANCE	STD	ADV	7.7
LANCE	STD	MAS	13.6
LANCE	STD	EXP	10
D✪N’T ST✪P R✪CKIN’	STD	BAS	5
D✪N’T ST✪P R✪CKIN’	STD	EXP	10.7
D✪N’T ST✪P R✪CKIN’	STD	ADV	7
D✪N’T ST✪P R✪CKIN’	STD	MAS	13.8
D✪N’T ST✪P R✪CKIN’	STD	REM	13.5
oboro	STD	BAS	5
oboro	STD	ADV	7
oboro	STD	EXP	11
oboro	STD	MAS	13.4
CYCLES	STD	ADV	7
CYCLES	STD	BAS	5
CYCLES	STD	MAS	13
CYCLES	STD	EXP	9.7
Lionheart	STD	BAS	6
Lionheart	STD	ADV	7
Lionheart	STD	EXP	10
Lionheart	STD	MAS	12.8
Heartbeats	STD	BAS	4
Heartbeats	STD	ADV	8
Heartbeats	STD	MAS	12.7
Heartbeats	STD	EXP	10.7
JUMPIN' JUMPIN'	STD	ADV	7.7
JUMPIN' JUMPIN'	STD	BAS	4
JUMPIN' JUMPIN'	STD	MAS	12
JUMPIN' JUMPIN'	STD	EXP	10.7
L'épilogue	STD	BAS	5
L'épilogue	STD	ADV	7
L'épilogue	STD	EXP	10.7
L'épilogue	STD	MAS	13.7
FEEL ALIVE	STD	BAS	5
FEEL ALIVE	STD	ADV	8
Streak	STD	BAS	6
Streak	STD	ADV	7
Streak	STD	EXP	11.7
Streak	STD	MAS	13.1
FEEL ALIVE	STD	MAS	13.5
ぐるぐるWASH！コインランドリー・ディスコ	STD	BAS	4
ぐるぐるWASH！コインランドリー・ディスコ	STD	ADV	6
ぐるぐるWASH！コインランドリー・ディスコ	STD	EXP	8.7
FEEL ALIVE	STD	EXP	11
ぐるぐるWASH！コインランドリー・ディスコ	STD	MAS	11.7
Spin me harder	STD	BAS	6
Spin me harder	STD	MAS	13
Spin me harder	STD	ADV	7
Spin me harder	STD	EXP	11
Turn around	STD	BAS	6
Turn around	STD	ADV	7
Turn around	STD	MAS	13.2
Turn around	STD	EXP	12
Link	STD	BAS	6
Link	STD	ADV	7
Link	STD	EXP	11
Link	STD	MAS	12
Nerverakes	STD	ADV	7
Nerverakes	STD	EXP	10.7
Nerverakes	STD	BAS	6
Nerverakes	STD	MAS	13.8
Sprintrances	STD	BAS	5
Sprintrances	STD	ADV	7.7
Sprintrances	STD	EXP	10
Sprintrances	STD	MAS	12.8
Night Fly	STD	BAS	4
Night Fly	STD	ADV	7
Night Fly	STD	EXP	10.7
Night Fly	STD	MAS	12.7
Feel My Fire	STD	BAS	4
Night Fly	STD	REM	12.9
Feel My Fire	STD	MAS	12.7
Feel My Fire	STD	EXP	10
Feel My Fire	STD	ADV	8
air's gravity	STD	BAS	5
air's gravity	STD	ADV	7.7
air's gravity	STD	EXP	10
air's gravity	STD	MAS	13
air's gravity	STD	REM	13.5
Starlight Disco	STD	BAS	4
Starlight Disco	STD	EXP	10.7
Starlight Disco	STD	ADV	7
Starlight Disco	STD	MAS	11.7
ENJOY POLIS	STD	BAS	5
Starlight Disco	STD	REM	12
ENJOY POLIS	STD	ADV	7
ENJOY POLIS	STD	EXP	9.7
ENJOY POLIS	STD	MAS	12
記憶、記録	STD	ADV	8
記憶、記録	STD	BAS	4
記憶、記録	STD	EXP	10
記憶、記録	STD	MAS	13.1
connecting with you	STD	BAS	4
connecting with you	STD	ADV	7
connecting with you	STD	EXP	9.7
connecting with you	STD	MAS	12.7
Believe the Rainbow	STD	BAS	4
Believe the Rainbow	STD	ADV	7.7
Believe the Rainbow	STD	EXP	9
Believe the Rainbow	STD	MAS	12.7
MIRROR of MAGIC	STD	BAS	4
MIRROR of MAGIC	STD	ADV	7
MIRROR of MAGIC	STD	EXP	9.7
MIRROR of MAGIC	STD	MAS	12.7
Cosmic Train	STD	BAS	4
Cosmic Train	STD	ADV	5
Cosmic Train	STD	EXP	9.7
Cosmic Train	STD	MAS	12
Beat of getting entangled	STD	BAS	5
Beat of getting entangled	STD	EXP	11.7
Beat of getting entangled	STD	ADV	8
Beat of getting entangled	STD	MAS	13.7
Beat of getting entangled	STD	REM	14.5
高気圧ねこロック	STD	ADV	8
高気圧ねこロック	STD	BAS	5
高気圧ねこロック	STD	MAS	13.6
高気圧ねこロック	STD	EXP	10.7
Prophesy One	STD	BAS	6
Prophesy One	STD	ADV	8
Prophesy One	STD	EXP	11
Prophesy One	STD	MAS	14.5
BETTER CHOICE	STD	BAS	5
BETTER CHOICE	STD	ADV	7
BETTER CHOICE	STD	EXP	9.7
BETTER CHOICE	STD	MAS	12
Get Happy	STD	BAS	5
Get Happy	STD	ADV	7
Get Happy	STD	EXP	11.7
Get Happy	STD	MAS	13.5
System “Z”	STD	ADV	8
System “Z”	STD	BAS	5
System “Z”	STD	MAS	14.3
System “Z”	STD	EXP	12
ユビキリ	STD	BAS	4
System “Z”	STD	REM	14
ユビキリ	STD	EXP	10.7
ユビキリ	STD	MAS	13
ユビキリ	STD	ADV	7
火炎地獄	STD	BAS	5
火炎地獄	STD	ADV	8
火炎地獄	STD	MAS	13.8
火炎地獄	STD	EXP	11
Danza zandA	STD	BAS	4
Danza zandA	STD	ADV	7
Danza zandA	STD	EXP	9.7
Danza zandA	STD	MAS	12.7
Danza zandA	STD	REM	13
planet dancer	STD	BAS	5
planet dancer	STD	ADV	7
planet dancer	STD	EXP	10
planet dancer	STD	MAS	12.7
planet dancer	STD	REM	13.2
ナミダと流星	STD	BAS	5
ナミダと流星	STD	ADV	7
ナミダと流星	STD	EXP	9.7
ナミダと流星	STD	MAS	12
ピーマンたべたら	STD	BAS	5
ピーマンたべたら	STD	ADV	6
ピーマンたべたら	STD	EXP	10
ピーマンたべたら	STD	MAS	13.2
maimaiちゃんのテーマ	STD	BAS	4
maimaiちゃんのテーマ	STD	ADV	6
maimaiちゃんのテーマ	STD	EXP	8
maimaiちゃんのテーマ	STD	MAS	11.7
Pixel Voyage	STD	ADV	6
Pixel Voyage	STD	BAS	3
Pixel Voyage	STD	EXP	8.7
Pixel Voyage	STD	MAS	12
Sweets×Sweets	STD	BAS	5
Sweets×Sweets	STD	ADV	6
Sweets×Sweets	STD	EXP	8
Sweets×Sweets	STD	MAS	10.7
虹と太陽	STD	BAS	5
虹と太陽	STD	ADV	7
虹と太陽	STD	EXP	9.7
虹と太陽	STD	MAS	12
Color My World	STD	BAS	4
Color My World	STD	ADV	6
Color My World	STD	EXP	8.7
Color My World	STD	MAS	11.7
True Love Song	STD	BAS	4
True Love Song	STD	ADV	6
True Love Song	STD	EXP	9
True Love Song	STD	MAS	11.7
ソーラン☆節	STD	BAS	5
ソーラン☆節	STD	ADV	7
ソーラン☆節	STD	EXP	10
ソーラン☆節	STD	MAS	13
おても☆Yan	STD	BAS	4
おても☆Yan	STD	ADV	6
おても☆Yan	STD	EXP	9
炭★坑★節	STD	BAS	4
おても☆Yan	STD	MAS	12
炭★坑★節	STD	ADV	6
炭★坑★節	STD	MAS	13.2
炭★坑★節	STD	EXP	9.7
ネコ日和。	STD	BAS	5
ネコ日和。	STD	ADV	7
ネコ日和。	STD	EXP	7.7
ネコ日和。	STD	MAS	11
犬日和。	STD	BAS	4
犬日和。	STD	ADV	6
犬日和。	STD	EXP	9
犬日和。	STD	MAS	11.7
Endless World	STD	BAS	4
Endless World	STD	ADV	6
Endless World	STD	EXP	10
Endless World	STD	MAS	12
Endless World	STD	REM	12.7
Backyun! －悪い女－	STD	BAS	4
Backyun! －悪い女－	STD	ADV	6
Backyun! －悪い女－	STD	EXP	10.7
Backyun! －悪い女－	STD	MAS	12
BaBan!! －甘い罠－	STD	EXP	11
BaBan!! －甘い罠－	STD	BAS	5
BaBan!! －甘い罠－	STD	MAS	12
オレンジの夏	STD	BAS	5
オレンジの夏	STD	ADV	6
オレンジの夏	STD	EXP	9
オレンジの夏	STD	MAS	11.7
ぴぴぱぷぅ！	STD	BAS	3
Backyun! －悪い女－	STD	REM	12.7
ぴぴぱぷぅ！	STD	EXP	10
ぴぴぱぷぅ！	STD	ADV	7
ぴぴぱぷぅ！	STD	MAS	12.7
BaBan!! －甘い罠－	STD	ADV	7.7
炎歌 -ほむらうた-	STD	BAS	4
炎歌 -ほむらうた-	STD	ADV	6
炎歌 -ほむらうた-	STD	EXP	10.7
炎歌 -ほむらうた-	STD	MAS	13.2
泣き虫O'clock	STD	BAS	4
泣き虫O'clock	STD	EXP	9.7
泣き虫O'clock	STD	ADV	7
泣き虫O'clock	STD	REM	12
泣き虫O'clock	STD	MAS	12.7
maiム・maiム feat.週刊少年マガジン	STD	BAS	4
maiム・maiム feat.週刊少年マガジン	STD	ADV	6
maiム・maiム feat.週刊少年マガジン	STD	EXP	10
ジングルベル	STD	BAS	5
maiム・maiム feat.週刊少年マガジン	STD	MAS	12.7
ジングルベル	STD	ADV	7
ジングルベル	STD	EXP	9.7
ジングルベル	STD	MAS	14
ジングルベル	STD	REM	14
VERTeX	STD	ADV	8
VERTeX	STD	BAS	5
VERTeX	STD	EXP	10.7
VERTeX	STD	MAS	14.4
We Are Us	DX	BAS	3
We Are Us	DX	ADV	6
We Are Us	DX	EXP	10
We Are Us	DX	MAS	13.2
Limits	DX	BAS	3
Limits	DX	ADV	6
Limits	DX	EXP	10.5
Limits	DX	MAS	13.7
スピカの天秤	DX	BAS	5
スピカの天秤	DX	ADV	8.7
スピカの天秤	DX	MAS	14.5
スピカの天秤	DX	EXP	12.8
ハードコア・シンドローム	DX	ADV	8
ハードコア・シンドローム	DX	BAS	5
ハードコア・シンドローム	DX	EXP	12.7
ハードコア・シンドローム	DX	MAS	13.9
No Limit RED Force	DX	BAS	3
No Limit RED Force	DX	ADV	7
No Limit RED Force	DX	EXP	9.7
No Limit RED Force	DX	MAS	12.7
LiftOff	DX	BAS	4
LiftOff	DX	ADV	8
LiftOff	DX	EXP	11.7
LiftOff	DX	MAS	13.8
Falsum Atlantis.	DX	BAS	5
Falsum Atlantis.	DX	ADV	8
Falsum Atlantis.	DX	EXP	12.5
Falsum Atlantis.	DX	MAS	14.4
ぱくぱく☆がーる	DX	BAS	5
ぱくぱく☆がーる	DX	ADV	7
ぱくぱく☆がーる	DX	EXP	10.2
ぱくぱく☆がーる	DX	MAS	13
宿星審判	DX	BAS	5
宿星審判	DX	ADV	8
宿星審判	DX	EXP	12.2
宿星審判	DX	MAS	14.4
脳天直撃	DX	ADV	8.7
脳天直撃	DX	BAS	6
脳天直撃	DX	EXP	12.9
脳天直撃	DX	MAS	14.5
STARTLINER	DX	BAS	3
STARTLINER	DX	ADV	6
STARTLINER	DX	EXP	9
STARTLINER	DX	MAS	11.7
Jump!! Jump!! Jump!!	DX	BAS	4
Jump!! Jump!! Jump!!	DX	ADV	7
Jump!! Jump!! Jump!!	DX	EXP	9
Jump!! Jump!! Jump!!	DX	MAS	11.7
最強 the サマータイム!!!!!	DX	BAS	4
最強 the サマータイム!!!!!	DX	ADV	7
最強 the サマータイム!!!!!	DX	MAS	12
最強 the サマータイム!!!!!	DX	EXP	9.7
Splash Dance!!	DX	BAS	4
Splash Dance!!	DX	ADV	7
Splash Dance!!	DX	EXP	10
Splash Dance!!	DX	MAS	13.4
UTAKATA	DX	ADV	7
UTAKATA	DX	BAS	4
UTAKATA	DX	EXP	9
UTAKATA	DX	MAS	12
タテマエと本心の大乱闘	DX	BAS	5
タテマエと本心の大乱闘	DX	ADV	7.7
タテマエと本心の大乱闘	DX	EXP	10
ポケットからぬりつぶせ！	DX	BAS	3
タテマエと本心の大乱闘	DX	MAS	12
ポケットからぬりつぶせ！	DX	ADV	6
ポケットからぬりつぶせ！	DX	EXP	10
ポケットからぬりつぶせ！	DX	MAS	12.7
トリドリ⇒モリモリ！Lovely fruits☆	DX	BAS	5
トリドリ⇒モリモリ！Lovely fruits☆	DX	ADV	7.7
トリドリ⇒モリモリ！Lovely fruits☆	DX	MAS	13.2
トリドリ⇒モリモリ！Lovely fruits☆	DX	EXP	10.7
Kiss Me Kiss	DX	BAS	3
Kiss Me Kiss	DX	ADV	6
Kiss Me Kiss	DX	MAS	12.8
Kiss Me Kiss	DX	EXP	9.7
Titania	DX	BAS	6
Titania	DX	ADV	8
Titania	DX	MAS	14.5
Titania	DX	EXP	12
YURUSHITE	DX	ADV	8.7
YURUSHITE	DX	BAS	5
YURUSHITE	DX	EXP	12
YURUSHITE	DX	MAS	14.3
Desperado Waltz	DX	BAS	5
Desperado Waltz	DX	ADV	8
Desperado Waltz	DX	EXP	11.7
Desperado Waltz	DX	MAS	14.3
BOUNCE & DANCE	DX	BAS	4
BOUNCE & DANCE	DX	ADV	7.7
BOUNCE & DANCE	DX	EXP	10
MEGATON BLAST	DX	BAS	5
MEGATON BLAST	DX	ADV	9
MEGATON BLAST	DX	EXP	12.7
BOUNCE & DANCE	DX	MAS	13.7
Agitation！	DX	ADV	7
Agitation！	DX	EXP	10
Agitation！	DX	MAS	11.7
オーケー？　オーライ！	DX	BAS	4
MEGATON BLAST	DX	MAS	14.3
オーケー？　オーライ！	DX	ADV	7
オーケー？　オーライ！	DX	EXP	9
オーケー？　オーライ！	DX	MAS	12.8
サヨナラフリーウェイ	DX	ADV	7.7
サヨナラフリーウェイ	DX	BAS	4
サヨナラフリーウェイ	DX	EXP	9.7
サヨナラフリーウェイ	DX	MAS	12.7
単一指向性オーバーブルーム	DX	BAS	3
Agitation！	DX	BAS	4
単一指向性オーバーブルーム	DX	ADV	7
単一指向性オーバーブルーム	DX	EXP	10
単一指向性オーバーブルーム	DX	REM	13.8
単一指向性オーバーブルーム	DX	MAS	13.2
みなえをチェック！	DX	BAS	3
みなえをチェック！	DX	EXP	10
みなえをチェック！	DX	ADV	7.7
みなえをチェック！	DX	MAS	13
Change Our MIRAI！	DX	BAS	5
Change Our MIRAI！	DX	ADV	7.7
Change Our MIRAI！	DX	EXP	10.7
Change Our MIRAI！	STD	BAS	4
Change Our MIRAI！	DX	MAS	12
Change Our MIRAI！	STD	EXP	10
Change Our MIRAI！	STD	ADV	7
Change Our MIRAI！	STD	MAS	12.7
無敵We are one!!	STD	BAS	5
無敵We are one!!	STD	ADV	7.7
無敵We are one!!	STD	EXP	9
無敵We are one!!	STD	MAS	13.1
ドキドキDREAM!!!	STD	BAS	5
ドキドキDREAM!!!	STD	ADV	7.7
ドキドキDREAM!!!	STD	MAS	12.7
ドキドキDREAM!!!	STD	EXP	10.7
Still	STD	ADV	6
Still	STD	BAS	4
Still	STD	MAS	13.1
Still	STD	EXP	10
Session High⤴	STD	ADV	6
Session High⤴	STD	BAS	5
Session High⤴	STD	EXP	9
Session High⤴	STD	MAS	12
管弦楽組曲 第3番 ニ長調「第2曲（G線上のアリア）」BWV.1068-2	DX	BAS	4
管弦楽組曲 第3番 ニ長調「第2曲（G線上のアリア）」BWV.1068-2	DX	EXP	10
管弦楽組曲 第3番 ニ長調「第2曲（G線上のアリア）」BWV.1068-2	DX	ADV	7.7
管弦楽組曲 第3番 ニ長調「第2曲（G線上のアリア）」BWV.1068-2	DX	MAS	13.9
ハート・ビート	STD	BAS	5
ハート・ビート	STD	ADV	7
ハート・ビート	STD	EXP	9.7
ハート・ビート	STD	MAS	12.7
brilliant better	STD	BAS	5
brilliant better	STD	ADV	6
brilliant better	STD	MAS	12.8
brilliant better	STD	EXP	10.7
フォルテシモBELL	STD	BAS	3
フォルテシモBELL	STD	ADV	6
フォルテシモBELL	STD	EXP	8
フォルテシモBELL	STD	MAS	11.7
DETARAME ROCK&ROLL THEORY	STD	BAS	4
DETARAME ROCK&ROLL THEORY	STD	ADV	7
DETARAME ROCK&ROLL THEORY	STD	MAS	13.5
DETARAME ROCK&ROLL THEORY	STD	EXP	10
私の中の幻想的世界観及びその顕現を想起させたある現実での出来事に関する一考察	STD	BAS	5
私の中の幻想的世界観及びその顕現を想起させたある現実での出来事に関する一考察	STD	ADV	6
私の中の幻想的世界観及びその顕現を想起させたある現実での出来事に関する一考察	STD	EXP	8.7
私の中の幻想的世界観及びその顕現を想起させたある現実での出来事に関する一考察	STD	MAS	12.9
猛進ソリストライフ！	STD	ADV	8.7
猛進ソリストライフ！	STD	BAS	6
猛進ソリストライフ！	STD	MAS	13.6
猛進ソリストライフ！	STD	EXP	11
My Dearest Song	STD	BAS	4
My Dearest Song	STD	ADV	7
My Dearest Song	STD	MAS	12.8
My Dearest Song	STD	EXP	10.7
SPICY SWINGY STYLE	STD	BAS	5
SPICY SWINGY STYLE	STD	EXP	10.7
SPICY SWINGY STYLE	STD	ADV	7.7
SPICY SWINGY STYLE	STD	MAS	13
Bang Babang Bang!!!	STD	BAS	5
Bang Babang Bang!!!	STD	ADV	7.7
Bang Babang Bang!!!	STD	EXP	10
Bang Babang Bang!!!	STD	MAS	12.8
Tic Tac DREAMIN’	STD	BAS	4
Tic Tac DREAMIN’	STD	EXP	8
Tic Tac DREAMIN’	STD	ADV	6
猫祭り	STD	BAS	4
Tic Tac DREAMIN’	STD	MAS	11
猫祭り	STD	EXP	10.7
猫祭り	STD	ADV	7.7
猫祭り	STD	MAS	12.7
TRUST	STD	BAS	5
TRUST	STD	ADV	7
TRUST	STD	EXP	10
TRUST	STD	MAS	12
奏者はただ背中と提琴で語るのみ	STD	ADV	8
奏者はただ背中と提琴で語るのみ	STD	BAS	6
奏者はただ背中と提琴で語るのみ	STD	EXP	11
奏者はただ背中と提琴で語るのみ	STD	MAS	13.8
イロトリドリのメロディ	STD	BAS	4
イロトリドリのメロディ	STD	ADV	6
イロトリドリのメロディ	STD	EXP	9.7
イロトリドリのメロディ	STD	MAS	12
-OutsideR:RequieM-	STD	BAS	4
-OutsideR:RequieM-	STD	ADV	7
-OutsideR:RequieM-	STD	EXP	10
-OutsideR:RequieM-	STD	MAS	13.4
あねぺったん	STD	BAS	5
あねぺったん	STD	ADV	7
あねぺったん	STD	MAS	12.8
あねぺったん	STD	EXP	9.7
なるとなぎのパーフェクトロックンロール教室	STD	BAS	5
なるとなぎのパーフェクトロックンロール教室	STD	ADV	7
なるとなぎのパーフェクトロックンロール教室	STD	EXP	10
Help me, あーりん！	STD	BAS	4
なるとなぎのパーフェクトロックンロール教室	STD	MAS	13.4
Help me, あーりん！	STD	ADV	7
Help me, あーりん！	STD	EXP	9.7
Help me, あーりん！	STD	MAS	11.7
Counselor	STD	BAS	4
Counselor	STD	ADV	7
Counselor	STD	EXP	9.7
Counselor	STD	MAS	11.7
閃鋼のブリューナク	STD	BAS	6
閃鋼のブリューナク	STD	ADV	8
閃鋼のブリューナク	STD	MAS	13.8
閃鋼のブリューナク	STD	EXP	10.7
Infantoon Fantasy	STD	BAS	5
Infantoon Fantasy	STD	ADV	7.7
幾四音-Ixion-	STD	BAS	5
幾四音-Ixion-	STD	ADV	7.7
幾四音-Ixion-	STD	EXP	9.7
Infantoon Fantasy	STD	EXP	9.7
幾四音-Ixion-	STD	MAS	13
Invitation	STD	BAS	4
Invitation	STD	ADV	6
Invitation	STD	EXP	8.7
Infantoon Fantasy	STD	MAS	13.5
Invitation	STD	MAS	12
その群青が愛しかったようだった	STD	BAS	5
その群青が愛しかったようだった	STD	ADV	7
その群青が愛しかったようだった	STD	EXP	10
その群青が愛しかったようだった	STD	MAS	12
The wheel to the right	STD	BAS	6
The wheel to the right	STD	ADV	8
The wheel to the right	STD	MAS	13.8
光線チューニング	STD	BAS	5
The wheel to the right	STD	EXP	12.8
光線チューニング	STD	ADV	7
光線チューニング	STD	EXP	10.7
光線チューニング	STD	MAS	13.2
心象蜃気楼	STD	BAS	5
心象蜃気楼	STD	ADV	7
心象蜃気楼	STD	EXP	10
心象蜃気楼	STD	MAS	13
エンドマークに希望と涙を添えて	STD	BAS	6
エンドマークに希望と涙を添えて	STD	ADV	8.7
エンドマークに希望と涙を添えて	STD	EXP	11.7
エンドマークに希望と涙を添えて	STD	MAS	14.3
World Vanquisher	STD	ADV	8.7
World Vanquisher	STD	BAS	6
World Vanquisher	STD	EXP	12
World Vanquisher	STD	MAS	14.3
Xevel	STD	ADV	8
Xevel	STD	BAS	6
Xevel	STD	MAS	14.1
Xevel	STD	EXP	12
We Gonna Journey	STD	ADV	8
We Gonna Journey	STD	BAS	6
We Gonna Journey	STD	EXP	11.7
We Gonna Journey	STD	MAS	13.8
My First Phone	STD	BAS	5
My First Phone	STD	ADV	7.7
My First Phone	STD	EXP	11
My First Phone	STD	MAS	13.8
怒槌	STD	BAS	6
怒槌	STD	ADV	8.7
怒槌	STD	EXP	12
TiamaT:F minor	STD	BAS	6
怒槌	STD	MAS	14.8
TiamaT:F minor	STD	ADV	9
TiamaT:F minor	STD	MAS	14.6
TiamaT:F minor	STD	EXP	12
Kattobi KEIKYU Rider	STD	BAS	5
Kattobi KEIKYU Rider	STD	ADV	8
Kattobi KEIKYU Rider	STD	EXP	12.7
Kattobi KEIKYU Rider	STD	MAS	13.6
玩具狂奏曲 -終焉-	DX	BAS	6
玩具狂奏曲 -終焉-	DX	ADV	8
玩具狂奏曲 -終焉-	DX	MAS	13.9
玩具狂奏曲 -終焉-	DX	EXP	13.2
BOKUTO	DX	BAS	4
BOKUTO	DX	EXP	11
BOKUTO	DX	ADV	7
BOKUTO	DX	MAS	13.4
立川浄穢捕物帳	DX	BAS	4
立川浄穢捕物帳	DX	EXP	11
立川浄穢捕物帳	DX	ADV	7.7
立川浄穢捕物帳	DX	MAS	13.9
CHOCOLATE BOMB!!!!	DX	BAS	5
CHOCOLATE BOMB!!!!	DX	EXP	11.7
CHOCOLATE BOMB!!!!	DX	ADV	8
CHOCOLATE BOMB!!!!	DX	MAS	13.5
はちみつアドベンチャー	DX	BAS	4
はちみつアドベンチャー	DX	ADV	7
はちみつアドベンチャー	DX	EXP	10
はちみつアドベンチャー	DX	MAS	12.8
popcorn	DX	BAS	4
popcorn	DX	ADV	7
popcorn	DX	EXP	9
popcorn	DX	MAS	12.9
Climax	DX	BAS	5
Climax	DX	EXP	12
Climax	DX	ADV	8
Climax	DX	MAS	14.3
レーイレーイ	DX	BAS	4
レーイレーイ	DX	ADV	7.7
レーイレーイ	DX	EXP	10
レーイレーイ	DX	MAS	12.8
宛城、炎上！！	DX	BAS	5
宛城、炎上！！	DX	ADV	8.7
宛城、炎上！！	DX	EXP	12
宛城、炎上！！	DX	MAS	13.8
ハジマリノピアノ	DX	BAS	5
ハジマリノピアノ	DX	ADV	7.7
ハジマリノピアノ	DX	EXP	10.7
ハジマリノピアノ	DX	MAS	13.8
